"","race","famType","edu1","edu2","income","icon"
"1","white","man","noHS",NA,"0-20",0
"2","white","man","HS",NA,"0-20",0
"3","white","man","someCollege",NA,"0-20",0
"4","white","man","BA",NA,"0-20",0
"5","white","man","grad",NA,"0-20",0
"6","black","man","noHS",NA,"0-20",0
"7","black","man","HS",NA,"0-20",0
"8","black","man","someCollege",NA,"0-20",0
"9","black","man","BA",NA,"0-20",0
"10","black","man","grad",NA,"0-20",0
"11","latino","man","noHS",NA,"0-20",0
"12","latino","man","HS",NA,"0-20",0
"13","latino","man","someCollege",NA,"0-20",0
"14","latino","man","BA",NA,"0-20",0
"15","latino","man","grad",NA,"0-20",0
"16","other","man","noHS",NA,"0-20",0
"17","other","man","HS",NA,"0-20",0
"18","other","man","someCollege",NA,"0-20",0
"19","other","man","BA",NA,"0-20",0
"20","other","man","grad",NA,"0-20",0
"21","white","woman","noHS",NA,"0-20",0
"22","white","woman","HS",NA,"0-20",0
"23","white","woman","someCollege",NA,"0-20",0
"24","white","woman","BA",NA,"0-20",0
"25","white","woman","grad",NA,"0-20",0
"26","black","woman","noHS",NA,"0-20",0
"27","black","woman","HS",NA,"0-20",0
"28","black","woman","someCollege",NA,"0-20",0
"29","black","woman","BA",NA,"0-20",0
"30","black","woman","grad",NA,"0-20",0
"31","latino","woman","noHS",NA,"0-20",0
"32","latino","woman","HS",NA,"0-20",0
"33","latino","woman","someCollege",NA,"0-20",0
"34","latino","woman","BA",NA,"0-20",0
"35","latino","woman","grad",NA,"0-20",0
"36","other","woman","noHS",NA,"0-20",0
"37","other","woman","HS",NA,"0-20",0
"38","other","woman","someCollege",NA,"0-20",0
"39","other","woman","BA",NA,"0-20",0
"40","other","woman","grad",NA,"0-20",0
"41","white","manDep","noHS",NA,"0-20",0
"42","white","manDep","HS",NA,"0-20",0
"43","white","manDep","someCollege",NA,"0-20",0
"44","white","manDep","BA",NA,"0-20",0
"45","white","manDep","grad",NA,"0-20",0
"46","black","manDep","noHS",NA,"0-20",0
"47","black","manDep","HS",NA,"0-20",0
"48","black","manDep","someCollege",NA,"0-20",0
"49","black","manDep","BA",NA,"0-20",0
"50","black","manDep","grad",NA,"0-20",0
"51","latino","manDep","noHS",NA,"0-20",0
"52","latino","manDep","HS",NA,"0-20",0
"53","latino","manDep","someCollege",NA,"0-20",0
"54","latino","manDep","BA",NA,"0-20",0
"55","latino","manDep","grad",NA,"0-20",0
"56","other","manDep","noHS",NA,"0-20",0
"57","other","manDep","HS",NA,"0-20",0
"58","other","manDep","someCollege",NA,"0-20",0
"59","other","manDep","BA",NA,"0-20",0
"60","other","manDep","grad",NA,"0-20",0
"61","white","womanDep","noHS",NA,"0-20",0
"62","white","womanDep","HS",NA,"0-20",0
"63","white","womanDep","someCollege",NA,"0-20",0
"64","white","womanDep","BA",NA,"0-20",0
"65","white","womanDep","grad",NA,"0-20",0
"66","black","womanDep","noHS",NA,"0-20",0
"67","black","womanDep","HS",NA,"0-20",0
"68","black","womanDep","someCollege",NA,"0-20",0
"69","black","womanDep","BA",NA,"0-20",0
"70","black","womanDep","grad",NA,"0-20",0
"71","latino","womanDep","noHS",NA,"0-20",0
"72","latino","womanDep","HS",NA,"0-20",0
"73","latino","womanDep","someCollege",NA,"0-20",0
"74","latino","womanDep","BA",NA,"0-20",0
"75","latino","womanDep","grad",NA,"0-20",0
"76","other","womanDep","noHS",NA,"0-20",0
"77","other","womanDep","HS",NA,"0-20",0
"78","other","womanDep","someCollege",NA,"0-20",0
"79","other","womanDep","BA",NA,"0-20",0
"80","other","womanDep","grad",NA,"0-20",0
"81","white","couple","noHS","BA","0-20",0
"82","white","couple","noHS","grad","0-20",0
"83","white","couple","noHS","HS","0-20",0
"84","white","couple","noHS","noHS","0-20",0
"85","white","couple","noHS","someCollege","0-20",0
"86","white","couple","HS","BA","0-20",0
"87","white","couple","HS","grad","0-20",0
"88","white","couple","HS","HS","0-20",0
"89","white","couple","HS","noHS","0-20",0
"90","white","couple","HS","someCollege","0-20",0
"91","white","couple","someCollege","BA","0-20",0
"92","white","couple","someCollege","grad","0-20",0
"93","white","couple","someCollege","HS","0-20",0
"94","white","couple","someCollege","noHS","0-20",0
"95","white","couple","someCollege","someCollege","0-20",0
"96","white","couple","BA","BA","0-20",0
"97","white","couple","BA","grad","0-20",0
"98","white","couple","BA","HS","0-20",0
"99","white","couple","BA","noHS","0-20",0
"100","white","couple","BA","someCollege","0-20",0
"101","white","couple","grad","BA","0-20",0
"102","white","couple","grad","grad","0-20",0
"103","white","couple","grad","HS","0-20",0
"104","white","couple","grad","noHS","0-20",0
"105","white","couple","grad","someCollege","0-20",0
"106","black","couple","noHS","BA","0-20",0
"107","black","couple","noHS","grad","0-20",0
"108","black","couple","noHS","HS","0-20",0
"109","black","couple","noHS","noHS","0-20",0
"110","black","couple","noHS","someCollege","0-20",0
"111","black","couple","HS","BA","0-20",0
"112","black","couple","HS","grad","0-20",0
"113","black","couple","HS","HS","0-20",0
"114","black","couple","HS","noHS","0-20",0
"115","black","couple","HS","someCollege","0-20",0
"116","black","couple","someCollege","BA","0-20",0
"117","black","couple","someCollege","grad","0-20",0
"118","black","couple","someCollege","HS","0-20",0
"119","black","couple","someCollege","noHS","0-20",0
"120","black","couple","someCollege","someCollege","0-20",0
"121","black","couple","BA","BA","0-20",0
"122","black","couple","BA","grad","0-20",0
"123","black","couple","BA","HS","0-20",0
"124","black","couple","BA","noHS","0-20",0
"125","black","couple","BA","someCollege","0-20",0
"126","black","couple","grad","BA","0-20",0
"127","black","couple","grad","grad","0-20",0
"128","black","couple","grad","HS","0-20",0
"129","black","couple","grad","noHS","0-20",0
"130","black","couple","grad","someCollege","0-20",0
"131","latino","couple","noHS","BA","0-20",0
"132","latino","couple","noHS","grad","0-20",0
"133","latino","couple","noHS","HS","0-20",0
"134","latino","couple","noHS","noHS","0-20",0
"135","latino","couple","noHS","someCollege","0-20",0
"136","latino","couple","HS","BA","0-20",0
"137","latino","couple","HS","grad","0-20",0
"138","latino","couple","HS","HS","0-20",0
"139","latino","couple","HS","noHS","0-20",0
"140","latino","couple","HS","someCollege","0-20",0
"141","latino","couple","someCollege","BA","0-20",0
"142","latino","couple","someCollege","grad","0-20",0
"143","latino","couple","someCollege","HS","0-20",0
"144","latino","couple","someCollege","noHS","0-20",0
"145","latino","couple","someCollege","someCollege","0-20",0
"146","latino","couple","BA","BA","0-20",0
"147","latino","couple","BA","grad","0-20",0
"148","latino","couple","BA","HS","0-20",0
"149","latino","couple","BA","noHS","0-20",0
"150","latino","couple","BA","someCollege","0-20",0
"151","latino","couple","grad","BA","0-20",0
"152","latino","couple","grad","grad","0-20",0
"153","latino","couple","grad","HS","0-20",0
"154","latino","couple","grad","noHS","0-20",0
"155","latino","couple","grad","someCollege","0-20",0
"156","other","couple","noHS","BA","0-20",0
"157","other","couple","noHS","grad","0-20",0
"158","other","couple","noHS","HS","0-20",0
"159","other","couple","noHS","noHS","0-20",0
"160","other","couple","noHS","someCollege","0-20",0
"161","other","couple","HS","BA","0-20",0
"162","other","couple","HS","grad","0-20",0
"163","other","couple","HS","HS","0-20",0
"164","other","couple","HS","noHS","0-20",0
"165","other","couple","HS","someCollege","0-20",0
"166","other","couple","someCollege","BA","0-20",0
"167","other","couple","someCollege","grad","0-20",0
"168","other","couple","someCollege","HS","0-20",0
"169","other","couple","someCollege","noHS","0-20",0
"170","other","couple","someCollege","someCollege","0-20",0
"171","other","couple","BA","BA","0-20",0
"172","other","couple","BA","grad","0-20",0
"173","other","couple","BA","HS","0-20",0
"174","other","couple","BA","noHS","0-20",0
"175","other","couple","BA","someCollege","0-20",0
"176","other","couple","grad","BA","0-20",0
"177","other","couple","grad","grad","0-20",0
"178","other","couple","grad","HS","0-20",0
"179","other","couple","grad","noHS","0-20",0
"180","other","couple","grad","someCollege","0-20",0
"181","white","man","noHS",NA,"20-40",0
"182","white","man","HS",NA,"20-40",0
"183","white","man","someCollege",NA,"20-40",0
"184","white","man","BA",NA,"20-40",0
"185","white","man","grad",NA,"20-40",0
"186","black","man","noHS",NA,"20-40",0
"187","black","man","HS",NA,"20-40",0
"188","black","man","someCollege",NA,"20-40",0
"189","black","man","BA",NA,"20-40",0
"190","black","man","grad",NA,"20-40",0
"191","latino","man","noHS",NA,"20-40",0
"192","latino","man","HS",NA,"20-40",0
"193","latino","man","someCollege",NA,"20-40",0
"194","latino","man","BA",NA,"20-40",0
"195","latino","man","grad",NA,"20-40",0
"196","other","man","noHS",NA,"20-40",0
"197","other","man","HS",NA,"20-40",0
"198","other","man","someCollege",NA,"20-40",0
"199","other","man","BA",NA,"20-40",0
"200","other","man","grad",NA,"20-40",0
"201","white","woman","noHS",NA,"20-40",0
"202","white","woman","HS",NA,"20-40",0
"203","white","woman","someCollege",NA,"20-40",0
"204","white","woman","BA",NA,"20-40",0
"205","white","woman","grad",NA,"20-40",0
"206","black","woman","noHS",NA,"20-40",0
"207","black","woman","HS",NA,"20-40",0
"208","black","woman","someCollege",NA,"20-40",0
"209","black","woman","BA",NA,"20-40",0
"210","black","woman","grad",NA,"20-40",0
"211","latino","woman","noHS",NA,"20-40",0
"212","latino","woman","HS",NA,"20-40",0
"213","latino","woman","someCollege",NA,"20-40",0
"214","latino","woman","BA",NA,"20-40",0
"215","latino","woman","grad",NA,"20-40",0
"216","other","woman","noHS",NA,"20-40",0
"217","other","woman","HS",NA,"20-40",0
"218","other","woman","someCollege",NA,"20-40",0
"219","other","woman","BA",NA,"20-40",0
"220","other","woman","grad",NA,"20-40",0
"221","white","manDep","noHS",NA,"20-40",0
"222","white","manDep","HS",NA,"20-40",0
"223","white","manDep","someCollege",NA,"20-40",0
"224","white","manDep","BA",NA,"20-40",0
"225","white","manDep","grad",NA,"20-40",0
"226","black","manDep","noHS",NA,"20-40",0
"227","black","manDep","HS",NA,"20-40",0
"228","black","manDep","someCollege",NA,"20-40",0
"229","black","manDep","BA",NA,"20-40",0
"230","black","manDep","grad",NA,"20-40",0
"231","latino","manDep","noHS",NA,"20-40",0
"232","latino","manDep","HS",NA,"20-40",0
"233","latino","manDep","someCollege",NA,"20-40",0
"234","latino","manDep","BA",NA,"20-40",0
"235","latino","manDep","grad",NA,"20-40",0
"236","other","manDep","noHS",NA,"20-40",0
"237","other","manDep","HS",NA,"20-40",0
"238","other","manDep","someCollege",NA,"20-40",0
"239","other","manDep","BA",NA,"20-40",0
"240","other","manDep","grad",NA,"20-40",0
"241","white","womanDep","noHS",NA,"20-40",0
"242","white","womanDep","HS",NA,"20-40",0
"243","white","womanDep","someCollege",NA,"20-40",0
"244","white","womanDep","BA",NA,"20-40",0
"245","white","womanDep","grad",NA,"20-40",0
"246","black","womanDep","noHS",NA,"20-40",0
"247","black","womanDep","HS",NA,"20-40",0
"248","black","womanDep","someCollege",NA,"20-40",0
"249","black","womanDep","BA",NA,"20-40",0
"250","black","womanDep","grad",NA,"20-40",0
"251","latino","womanDep","noHS",NA,"20-40",0
"252","latino","womanDep","HS",NA,"20-40",0
"253","latino","womanDep","someCollege",NA,"20-40",0
"254","latino","womanDep","BA",NA,"20-40",0
"255","latino","womanDep","grad",NA,"20-40",0
"256","other","womanDep","noHS",NA,"20-40",0
"257","other","womanDep","HS",NA,"20-40",0
"258","other","womanDep","someCollege",NA,"20-40",0
"259","other","womanDep","BA",NA,"20-40",0
"260","other","womanDep","grad",NA,"20-40",0
"261","white","couple","noHS","BA","20-40",0
"262","white","couple","noHS","grad","20-40",0
"263","white","couple","noHS","HS","20-40",0
"264","white","couple","noHS","noHS","20-40",0
"265","white","couple","noHS","someCollege","20-40",0
"266","white","couple","HS","BA","20-40",0
"267","white","couple","HS","grad","20-40",0
"268","white","couple","HS","HS","20-40",0
"269","white","couple","HS","noHS","20-40",0
"270","white","couple","HS","someCollege","20-40",0
"271","white","couple","someCollege","BA","20-40",0
"272","white","couple","someCollege","grad","20-40",0
"273","white","couple","someCollege","HS","20-40",0
"274","white","couple","someCollege","noHS","20-40",0
"275","white","couple","someCollege","someCollege","20-40",0
"276","white","couple","BA","BA","20-40",0
"277","white","couple","BA","grad","20-40",0
"278","white","couple","BA","HS","20-40",0
"279","white","couple","BA","noHS","20-40",0
"280","white","couple","BA","someCollege","20-40",0
"281","white","couple","grad","BA","20-40",0
"282","white","couple","grad","grad","20-40",0
"283","white","couple","grad","HS","20-40",0
"284","white","couple","grad","noHS","20-40",0
"285","white","couple","grad","someCollege","20-40",0
"286","black","couple","noHS","BA","20-40",0
"287","black","couple","noHS","grad","20-40",0
"288","black","couple","noHS","HS","20-40",0
"289","black","couple","noHS","noHS","20-40",0
"290","black","couple","noHS","someCollege","20-40",0
"291","black","couple","HS","BA","20-40",0
"292","black","couple","HS","grad","20-40",0
"293","black","couple","HS","HS","20-40",0
"294","black","couple","HS","noHS","20-40",0
"295","black","couple","HS","someCollege","20-40",0
"296","black","couple","someCollege","BA","20-40",0
"297","black","couple","someCollege","grad","20-40",0
"298","black","couple","someCollege","HS","20-40",0
"299","black","couple","someCollege","noHS","20-40",0
"300","black","couple","someCollege","someCollege","20-40",0
"301","black","couple","BA","BA","20-40",0
"302","black","couple","BA","grad","20-40",0
"303","black","couple","BA","HS","20-40",0
"304","black","couple","BA","noHS","20-40",0
"305","black","couple","BA","someCollege","20-40",0
"306","black","couple","grad","BA","20-40",0
"307","black","couple","grad","grad","20-40",0
"308","black","couple","grad","HS","20-40",0
"309","black","couple","grad","noHS","20-40",0
"310","black","couple","grad","someCollege","20-40",0
"311","latino","couple","noHS","BA","20-40",0
"312","latino","couple","noHS","grad","20-40",0
"313","latino","couple","noHS","HS","20-40",0
"314","latino","couple","noHS","noHS","20-40",0
"315","latino","couple","noHS","someCollege","20-40",0
"316","latino","couple","HS","BA","20-40",0
"317","latino","couple","HS","grad","20-40",0
"318","latino","couple","HS","HS","20-40",0
"319","latino","couple","HS","noHS","20-40",0
"320","latino","couple","HS","someCollege","20-40",0
"321","latino","couple","someCollege","BA","20-40",0
"322","latino","couple","someCollege","grad","20-40",0
"323","latino","couple","someCollege","HS","20-40",0
"324","latino","couple","someCollege","noHS","20-40",0
"325","latino","couple","someCollege","someCollege","20-40",0
"326","latino","couple","BA","BA","20-40",0
"327","latino","couple","BA","grad","20-40",0
"328","latino","couple","BA","HS","20-40",0
"329","latino","couple","BA","noHS","20-40",0
"330","latino","couple","BA","someCollege","20-40",0
"331","latino","couple","grad","BA","20-40",0
"332","latino","couple","grad","grad","20-40",0
"333","latino","couple","grad","HS","20-40",0
"334","latino","couple","grad","noHS","20-40",0
"335","latino","couple","grad","someCollege","20-40",0
"336","other","couple","noHS","BA","20-40",0
"337","other","couple","noHS","grad","20-40",0
"338","other","couple","noHS","HS","20-40",0
"339","other","couple","noHS","noHS","20-40",0
"340","other","couple","noHS","someCollege","20-40",0
"341","other","couple","HS","BA","20-40",0
"342","other","couple","HS","grad","20-40",0
"343","other","couple","HS","HS","20-40",0
"344","other","couple","HS","noHS","20-40",0
"345","other","couple","HS","someCollege","20-40",0
"346","other","couple","someCollege","BA","20-40",0
"347","other","couple","someCollege","grad","20-40",0
"348","other","couple","someCollege","HS","20-40",0
"349","other","couple","someCollege","noHS","20-40",0
"350","other","couple","someCollege","someCollege","20-40",0
"351","other","couple","BA","BA","20-40",0
"352","other","couple","BA","grad","20-40",0
"353","other","couple","BA","HS","20-40",0
"354","other","couple","BA","noHS","20-40",0
"355","other","couple","BA","someCollege","20-40",0
"356","other","couple","grad","BA","20-40",0
"357","other","couple","grad","grad","20-40",0
"358","other","couple","grad","HS","20-40",0
"359","other","couple","grad","noHS","20-40",0
"360","other","couple","grad","someCollege","20-40",0
"361","white","man","noHS",NA,"40-60",0
"362","white","man","HS",NA,"40-60",0
"363","white","man","someCollege",NA,"40-60",0
"364","white","man","BA",NA,"40-60",0
"365","white","man","grad",NA,"40-60",0
"366","black","man","noHS",NA,"40-60",0
"367","black","man","HS",NA,"40-60",0
"368","black","man","someCollege",NA,"40-60",0
"369","black","man","BA",NA,"40-60",0
"370","black","man","grad",NA,"40-60",0
"371","latino","man","noHS",NA,"40-60",0
"372","latino","man","HS",NA,"40-60",0
"373","latino","man","someCollege",NA,"40-60",0
"374","latino","man","BA",NA,"40-60",0
"375","latino","man","grad",NA,"40-60",0
"376","other","man","noHS",NA,"40-60",0
"377","other","man","HS",NA,"40-60",0
"378","other","man","someCollege",NA,"40-60",0
"379","other","man","BA",NA,"40-60",0
"380","other","man","grad",NA,"40-60",0
"381","white","woman","noHS",NA,"40-60",0
"382","white","woman","HS",NA,"40-60",0
"383","white","woman","someCollege",NA,"40-60",0
"384","white","woman","BA",NA,"40-60",0
"385","white","woman","grad",NA,"40-60",0
"386","black","woman","noHS",NA,"40-60",0
"387","black","woman","HS",NA,"40-60",0
"388","black","woman","someCollege",NA,"40-60",0
"389","black","woman","BA",NA,"40-60",0
"390","black","woman","grad",NA,"40-60",0
"391","latino","woman","noHS",NA,"40-60",0
"392","latino","woman","HS",NA,"40-60",0
"393","latino","woman","someCollege",NA,"40-60",0
"394","latino","woman","BA",NA,"40-60",0
"395","latino","woman","grad",NA,"40-60",0
"396","other","woman","noHS",NA,"40-60",0
"397","other","woman","HS",NA,"40-60",0
"398","other","woman","someCollege",NA,"40-60",0
"399","other","woman","BA",NA,"40-60",0
"400","other","woman","grad",NA,"40-60",0
"401","white","manDep","noHS",NA,"40-60",0
"402","white","manDep","HS",NA,"40-60",0
"403","white","manDep","someCollege",NA,"40-60",0
"404","white","manDep","BA",NA,"40-60",0
"405","white","manDep","grad",NA,"40-60",0
"406","black","manDep","noHS",NA,"40-60",0
"407","black","manDep","HS",NA,"40-60",0
"408","black","manDep","someCollege",NA,"40-60",0
"409","black","manDep","BA",NA,"40-60",0
"410","black","manDep","grad",NA,"40-60",0
"411","latino","manDep","noHS",NA,"40-60",0
"412","latino","manDep","HS",NA,"40-60",0
"413","latino","manDep","someCollege",NA,"40-60",0
"414","latino","manDep","BA",NA,"40-60",0
"415","latino","manDep","grad",NA,"40-60",0
"416","other","manDep","noHS",NA,"40-60",0
"417","other","manDep","HS",NA,"40-60",0
"418","other","manDep","someCollege",NA,"40-60",0
"419","other","manDep","BA",NA,"40-60",0
"420","other","manDep","grad",NA,"40-60",0
"421","white","womanDep","noHS",NA,"40-60",0
"422","white","womanDep","HS",NA,"40-60",0
"423","white","womanDep","someCollege",NA,"40-60",0
"424","white","womanDep","BA",NA,"40-60",0
"425","white","womanDep","grad",NA,"40-60",0
"426","black","womanDep","noHS",NA,"40-60",0
"427","black","womanDep","HS",NA,"40-60",0
"428","black","womanDep","someCollege",NA,"40-60",0
"429","black","womanDep","BA",NA,"40-60",0
"430","black","womanDep","grad",NA,"40-60",0
"431","latino","womanDep","noHS",NA,"40-60",0
"432","latino","womanDep","HS",NA,"40-60",0
"433","latino","womanDep","someCollege",NA,"40-60",0
"434","latino","womanDep","BA",NA,"40-60",0
"435","latino","womanDep","grad",NA,"40-60",0
"436","other","womanDep","noHS",NA,"40-60",0
"437","other","womanDep","HS",NA,"40-60",0
"438","other","womanDep","someCollege",NA,"40-60",0
"439","other","womanDep","BA",NA,"40-60",0
"440","other","womanDep","grad",NA,"40-60",0
"441","white","couple","noHS","BA","40-60",0
"442","white","couple","noHS","grad","40-60",0
"443","white","couple","noHS","HS","40-60",0
"444","white","couple","noHS","noHS","40-60",0
"445","white","couple","noHS","someCollege","40-60",0
"446","white","couple","HS","BA","40-60",0
"447","white","couple","HS","grad","40-60",0
"448","white","couple","HS","HS","40-60",0
"449","white","couple","HS","noHS","40-60",0
"450","white","couple","HS","someCollege","40-60",0
"451","white","couple","someCollege","BA","40-60",0
"452","white","couple","someCollege","grad","40-60",0
"453","white","couple","someCollege","HS","40-60",0
"454","white","couple","someCollege","noHS","40-60",0
"455","white","couple","someCollege","someCollege","40-60",0
"456","white","couple","BA","BA","40-60",0
"457","white","couple","BA","grad","40-60",0
"458","white","couple","BA","HS","40-60",0
"459","white","couple","BA","noHS","40-60",0
"460","white","couple","BA","someCollege","40-60",0
"461","white","couple","grad","BA","40-60",0
"462","white","couple","grad","grad","40-60",0
"463","white","couple","grad","HS","40-60",0
"464","white","couple","grad","noHS","40-60",0
"465","white","couple","grad","someCollege","40-60",0
"466","black","couple","noHS","BA","40-60",0
"467","black","couple","noHS","grad","40-60",0
"468","black","couple","noHS","HS","40-60",0
"469","black","couple","noHS","noHS","40-60",0
"470","black","couple","noHS","someCollege","40-60",0
"471","black","couple","HS","BA","40-60",0
"472","black","couple","HS","grad","40-60",0
"473","black","couple","HS","HS","40-60",0
"474","black","couple","HS","noHS","40-60",0
"475","black","couple","HS","someCollege","40-60",0
"476","black","couple","someCollege","BA","40-60",0
"477","black","couple","someCollege","grad","40-60",0
"478","black","couple","someCollege","HS","40-60",0
"479","black","couple","someCollege","noHS","40-60",0
"480","black","couple","someCollege","someCollege","40-60",0
"481","black","couple","BA","BA","40-60",0
"482","black","couple","BA","grad","40-60",0
"483","black","couple","BA","HS","40-60",0
"484","black","couple","BA","noHS","40-60",0
"485","black","couple","BA","someCollege","40-60",0
"486","black","couple","grad","BA","40-60",0
"487","black","couple","grad","grad","40-60",0
"488","black","couple","grad","HS","40-60",0
"489","black","couple","grad","noHS","40-60",0
"490","black","couple","grad","someCollege","40-60",0
"491","latino","couple","noHS","BA","40-60",0
"492","latino","couple","noHS","grad","40-60",0
"493","latino","couple","noHS","HS","40-60",0
"494","latino","couple","noHS","noHS","40-60",0
"495","latino","couple","noHS","someCollege","40-60",0
"496","latino","couple","HS","BA","40-60",0
"497","latino","couple","HS","grad","40-60",0
"498","latino","couple","HS","HS","40-60",0
"499","latino","couple","HS","noHS","40-60",0
"500","latino","couple","HS","someCollege","40-60",0
"501","latino","couple","someCollege","BA","40-60",0
"502","latino","couple","someCollege","grad","40-60",0
"503","latino","couple","someCollege","HS","40-60",0
"504","latino","couple","someCollege","noHS","40-60",0
"505","latino","couple","someCollege","someCollege","40-60",0
"506","latino","couple","BA","BA","40-60",0
"507","latino","couple","BA","grad","40-60",0
"508","latino","couple","BA","HS","40-60",0
"509","latino","couple","BA","noHS","40-60",0
"510","latino","couple","BA","someCollege","40-60",0
"511","latino","couple","grad","BA","40-60",0
"512","latino","couple","grad","grad","40-60",0
"513","latino","couple","grad","HS","40-60",0
"514","latino","couple","grad","noHS","40-60",0
"515","latino","couple","grad","someCollege","40-60",0
"516","other","couple","noHS","BA","40-60",0
"517","other","couple","noHS","grad","40-60",0
"518","other","couple","noHS","HS","40-60",0
"519","other","couple","noHS","noHS","40-60",0
"520","other","couple","noHS","someCollege","40-60",0
"521","other","couple","HS","BA","40-60",0
"522","other","couple","HS","grad","40-60",0
"523","other","couple","HS","HS","40-60",0
"524","other","couple","HS","noHS","40-60",0
"525","other","couple","HS","someCollege","40-60",0
"526","other","couple","someCollege","BA","40-60",0
"527","other","couple","someCollege","grad","40-60",0
"528","other","couple","someCollege","HS","40-60",0
"529","other","couple","someCollege","noHS","40-60",0
"530","other","couple","someCollege","someCollege","40-60",0
"531","other","couple","BA","BA","40-60",0
"532","other","couple","BA","grad","40-60",0
"533","other","couple","BA","HS","40-60",0
"534","other","couple","BA","noHS","40-60",0
"535","other","couple","BA","someCollege","40-60",0
"536","other","couple","grad","BA","40-60",0
"537","other","couple","grad","grad","40-60",0
"538","other","couple","grad","HS","40-60",0
"539","other","couple","grad","noHS","40-60",0
"540","other","couple","grad","someCollege","40-60",0
"541","white","man","noHS",NA,"60-80",0
"542","white","man","HS",NA,"60-80",0
"543","white","man","someCollege",NA,"60-80",0
"544","white","man","BA",NA,"60-80",0
"545","white","man","grad",NA,"60-80",0
"546","black","man","noHS",NA,"60-80",0
"547","black","man","HS",NA,"60-80",0
"548","black","man","someCollege",NA,"60-80",0
"549","black","man","BA",NA,"60-80",0
"550","black","man","grad",NA,"60-80",0
"551","latino","man","noHS",NA,"60-80",0
"552","latino","man","HS",NA,"60-80",0
"553","latino","man","someCollege",NA,"60-80",0
"554","latino","man","BA",NA,"60-80",0
"555","latino","man","grad",NA,"60-80",0
"556","other","man","noHS",NA,"60-80",0
"557","other","man","HS",NA,"60-80",0
"558","other","man","someCollege",NA,"60-80",0
"559","other","man","BA",NA,"60-80",0
"560","other","man","grad",NA,"60-80",0
"561","white","woman","noHS",NA,"60-80",0
"562","white","woman","HS",NA,"60-80",0
"563","white","woman","someCollege",NA,"60-80",0
"564","white","woman","BA",NA,"60-80",0
"565","white","woman","grad",NA,"60-80",0
"566","black","woman","noHS",NA,"60-80",0
"567","black","woman","HS",NA,"60-80",0
"568","black","woman","someCollege",NA,"60-80",0
"569","black","woman","BA",NA,"60-80",0
"570","black","woman","grad",NA,"60-80",0
"571","latino","woman","noHS",NA,"60-80",0
"572","latino","woman","HS",NA,"60-80",0
"573","latino","woman","someCollege",NA,"60-80",0
"574","latino","woman","BA",NA,"60-80",0
"575","latino","woman","grad",NA,"60-80",0
"576","other","woman","noHS",NA,"60-80",0
"577","other","woman","HS",NA,"60-80",0
"578","other","woman","someCollege",NA,"60-80",0
"579","other","woman","BA",NA,"60-80",0
"580","other","woman","grad",NA,"60-80",0
"581","white","manDep","noHS",NA,"60-80",0
"582","white","manDep","HS",NA,"60-80",0
"583","white","manDep","someCollege",NA,"60-80",0
"584","white","manDep","BA",NA,"60-80",0
"585","white","manDep","grad",NA,"60-80",0
"586","black","manDep","noHS",NA,"60-80",0
"587","black","manDep","HS",NA,"60-80",0
"588","black","manDep","someCollege",NA,"60-80",0
"589","black","manDep","BA",NA,"60-80",0
"590","black","manDep","grad",NA,"60-80",0
"591","latino","manDep","noHS",NA,"60-80",0
"592","latino","manDep","HS",NA,"60-80",0
"593","latino","manDep","someCollege",NA,"60-80",0
"594","latino","manDep","BA",NA,"60-80",0
"595","latino","manDep","grad",NA,"60-80",0
"596","other","manDep","noHS",NA,"60-80",0
"597","other","manDep","HS",NA,"60-80",0
"598","other","manDep","someCollege",NA,"60-80",0
"599","other","manDep","BA",NA,"60-80",0
"600","other","manDep","grad",NA,"60-80",0
"601","white","womanDep","noHS",NA,"60-80",0
"602","white","womanDep","HS",NA,"60-80",0
"603","white","womanDep","someCollege",NA,"60-80",0
"604","white","womanDep","BA",NA,"60-80",0
"605","white","womanDep","grad",NA,"60-80",0
"606","black","womanDep","noHS",NA,"60-80",0
"607","black","womanDep","HS",NA,"60-80",0
"608","black","womanDep","someCollege",NA,"60-80",0
"609","black","womanDep","BA",NA,"60-80",0
"610","black","womanDep","grad",NA,"60-80",0
"611","latino","womanDep","noHS",NA,"60-80",0
"612","latino","womanDep","HS",NA,"60-80",0
"613","latino","womanDep","someCollege",NA,"60-80",0
"614","latino","womanDep","BA",NA,"60-80",0
"615","latino","womanDep","grad",NA,"60-80",0
"616","other","womanDep","noHS",NA,"60-80",0
"617","other","womanDep","HS",NA,"60-80",0
"618","other","womanDep","someCollege",NA,"60-80",0
"619","other","womanDep","BA",NA,"60-80",0
"620","other","womanDep","grad",NA,"60-80",0
"621","white","couple","noHS","BA","60-80",0
"622","white","couple","noHS","grad","60-80",0
"623","white","couple","noHS","HS","60-80",0
"624","white","couple","noHS","noHS","60-80",0
"625","white","couple","noHS","someCollege","60-80",0
"626","white","couple","HS","BA","60-80",0
"627","white","couple","HS","grad","60-80",0
"628","white","couple","HS","HS","60-80",0
"629","white","couple","HS","noHS","60-80",0
"630","white","couple","HS","someCollege","60-80",0
"631","white","couple","someCollege","BA","60-80",0
"632","white","couple","someCollege","grad","60-80",0
"633","white","couple","someCollege","HS","60-80",0
"634","white","couple","someCollege","noHS","60-80",0
"635","white","couple","someCollege","someCollege","60-80",0
"636","white","couple","BA","BA","60-80",0
"637","white","couple","BA","grad","60-80",0
"638","white","couple","BA","HS","60-80",0
"639","white","couple","BA","noHS","60-80",0
"640","white","couple","BA","someCollege","60-80",0
"641","white","couple","grad","BA","60-80",0
"642","white","couple","grad","grad","60-80",0
"643","white","couple","grad","HS","60-80",0
"644","white","couple","grad","noHS","60-80",0
"645","white","couple","grad","someCollege","60-80",0
"646","black","couple","noHS","BA","60-80",0
"647","black","couple","noHS","grad","60-80",0
"648","black","couple","noHS","HS","60-80",0
"649","black","couple","noHS","noHS","60-80",0
"650","black","couple","noHS","someCollege","60-80",0
"651","black","couple","HS","BA","60-80",0
"652","black","couple","HS","grad","60-80",0
"653","black","couple","HS","HS","60-80",0
"654","black","couple","HS","noHS","60-80",0
"655","black","couple","HS","someCollege","60-80",0
"656","black","couple","someCollege","BA","60-80",0
"657","black","couple","someCollege","grad","60-80",0
"658","black","couple","someCollege","HS","60-80",0
"659","black","couple","someCollege","noHS","60-80",0
"660","black","couple","someCollege","someCollege","60-80",0
"661","black","couple","BA","BA","60-80",0
"662","black","couple","BA","grad","60-80",0
"663","black","couple","BA","HS","60-80",0
"664","black","couple","BA","noHS","60-80",0
"665","black","couple","BA","someCollege","60-80",0
"666","black","couple","grad","BA","60-80",0
"667","black","couple","grad","grad","60-80",0
"668","black","couple","grad","HS","60-80",0
"669","black","couple","grad","noHS","60-80",0
"670","black","couple","grad","someCollege","60-80",0
"671","latino","couple","noHS","BA","60-80",0
"672","latino","couple","noHS","grad","60-80",0
"673","latino","couple","noHS","HS","60-80",0
"674","latino","couple","noHS","noHS","60-80",0
"675","latino","couple","noHS","someCollege","60-80",0
"676","latino","couple","HS","BA","60-80",0
"677","latino","couple","HS","grad","60-80",0
"678","latino","couple","HS","HS","60-80",0
"679","latino","couple","HS","noHS","60-80",0
"680","latino","couple","HS","someCollege","60-80",0
"681","latino","couple","someCollege","BA","60-80",0
"682","latino","couple","someCollege","grad","60-80",0
"683","latino","couple","someCollege","HS","60-80",0
"684","latino","couple","someCollege","noHS","60-80",0
"685","latino","couple","someCollege","someCollege","60-80",0
"686","latino","couple","BA","BA","60-80",0
"687","latino","couple","BA","grad","60-80",0
"688","latino","couple","BA","HS","60-80",0
"689","latino","couple","BA","noHS","60-80",0
"690","latino","couple","BA","someCollege","60-80",0
"691","latino","couple","grad","BA","60-80",0
"692","latino","couple","grad","grad","60-80",0
"693","latino","couple","grad","HS","60-80",0
"694","latino","couple","grad","noHS","60-80",0
"695","latino","couple","grad","someCollege","60-80",0
"696","other","couple","noHS","BA","60-80",0
"697","other","couple","noHS","grad","60-80",0
"698","other","couple","noHS","HS","60-80",0
"699","other","couple","noHS","noHS","60-80",0
"700","other","couple","noHS","someCollege","60-80",0
"701","other","couple","HS","BA","60-80",0
"702","other","couple","HS","grad","60-80",0
"703","other","couple","HS","HS","60-80",0
"704","other","couple","HS","noHS","60-80",0
"705","other","couple","HS","someCollege","60-80",0
"706","other","couple","someCollege","BA","60-80",0
"707","other","couple","someCollege","grad","60-80",0
"708","other","couple","someCollege","HS","60-80",0
"709","other","couple","someCollege","noHS","60-80",0
"710","other","couple","someCollege","someCollege","60-80",0
"711","other","couple","BA","BA","60-80",0
"712","other","couple","BA","grad","60-80",0
"713","other","couple","BA","HS","60-80",0
"714","other","couple","BA","noHS","60-80",0
"715","other","couple","BA","someCollege","60-80",0
"716","other","couple","grad","BA","60-80",0
"717","other","couple","grad","grad","60-80",0
"718","other","couple","grad","HS","60-80",0
"719","other","couple","grad","noHS","60-80",0
"720","other","couple","grad","someCollege","60-80",0
"721","white","man","noHS",NA,"80-100",0
"722","white","man","HS",NA,"80-100",0
"723","white","man","someCollege",NA,"80-100",0
"724","white","man","BA",NA,"80-100",0
"725","white","man","grad",NA,"80-100",0
"726","black","man","noHS",NA,"80-100",0
"727","black","man","HS",NA,"80-100",0
"728","black","man","someCollege",NA,"80-100",0
"729","black","man","BA",NA,"80-100",0
"730","black","man","grad",NA,"80-100",0
"731","latino","man","noHS",NA,"80-100",0
"732","latino","man","HS",NA,"80-100",0
"733","latino","man","someCollege",NA,"80-100",0
"734","latino","man","BA",NA,"80-100",0
"735","latino","man","grad",NA,"80-100",0
"736","other","man","noHS",NA,"80-100",0
"737","other","man","HS",NA,"80-100",0
"738","other","man","someCollege",NA,"80-100",0
"739","other","man","BA",NA,"80-100",0
"740","other","man","grad",NA,"80-100",0
"741","white","woman","noHS",NA,"80-100",0
"742","white","woman","HS",NA,"80-100",0
"743","white","woman","someCollege",NA,"80-100",0
"744","white","woman","BA",NA,"80-100",0
"745","white","woman","grad",NA,"80-100",0
"746","black","woman","noHS",NA,"80-100",0
"747","black","woman","HS",NA,"80-100",0
"748","black","woman","someCollege",NA,"80-100",0
"749","black","woman","BA",NA,"80-100",0
"750","black","woman","grad",NA,"80-100",0
"751","latino","woman","noHS",NA,"80-100",0
"752","latino","woman","HS",NA,"80-100",0
"753","latino","woman","someCollege",NA,"80-100",0
"754","latino","woman","BA",NA,"80-100",0
"755","latino","woman","grad",NA,"80-100",0
"756","other","woman","noHS",NA,"80-100",0
"757","other","woman","HS",NA,"80-100",0
"758","other","woman","someCollege",NA,"80-100",0
"759","other","woman","BA",NA,"80-100",0
"760","other","woman","grad",NA,"80-100",0
"761","white","manDep","noHS",NA,"80-100",0
"762","white","manDep","HS",NA,"80-100",0
"763","white","manDep","someCollege",NA,"80-100",0
"764","white","manDep","BA",NA,"80-100",0
"765","white","manDep","grad",NA,"80-100",0
"766","black","manDep","noHS",NA,"80-100",0
"767","black","manDep","HS",NA,"80-100",0
"768","black","manDep","someCollege",NA,"80-100",0
"769","black","manDep","BA",NA,"80-100",0
"770","black","manDep","grad",NA,"80-100",0
"771","latino","manDep","noHS",NA,"80-100",0
"772","latino","manDep","HS",NA,"80-100",0
"773","latino","manDep","someCollege",NA,"80-100",0
"774","latino","manDep","BA",NA,"80-100",0
"775","latino","manDep","grad",NA,"80-100",0
"776","other","manDep","noHS",NA,"80-100",0
"777","other","manDep","HS",NA,"80-100",0
"778","other","manDep","someCollege",NA,"80-100",0
"779","other","manDep","BA",NA,"80-100",0
"780","other","manDep","grad",NA,"80-100",0
"781","white","womanDep","noHS",NA,"80-100",0
"782","white","womanDep","HS",NA,"80-100",0
"783","white","womanDep","someCollege",NA,"80-100",0
"784","white","womanDep","BA",NA,"80-100",0
"785","white","womanDep","grad",NA,"80-100",0
"786","black","womanDep","noHS",NA,"80-100",0
"787","black","womanDep","HS",NA,"80-100",0
"788","black","womanDep","someCollege",NA,"80-100",0
"789","black","womanDep","BA",NA,"80-100",0
"790","black","womanDep","grad",NA,"80-100",0
"791","latino","womanDep","noHS",NA,"80-100",0
"792","latino","womanDep","HS",NA,"80-100",0
"793","latino","womanDep","someCollege",NA,"80-100",0
"794","latino","womanDep","BA",NA,"80-100",0
"795","latino","womanDep","grad",NA,"80-100",0
"796","other","womanDep","noHS",NA,"80-100",0
"797","other","womanDep","HS",NA,"80-100",0
"798","other","womanDep","someCollege",NA,"80-100",0
"799","other","womanDep","BA",NA,"80-100",0
"800","other","womanDep","grad",NA,"80-100",0
"801","white","couple","noHS","BA","80-100",0
"802","white","couple","noHS","grad","80-100",0
"803","white","couple","noHS","HS","80-100",0
"804","white","couple","noHS","noHS","80-100",0
"805","white","couple","noHS","someCollege","80-100",0
"806","white","couple","HS","BA","80-100",0
"807","white","couple","HS","grad","80-100",0
"808","white","couple","HS","HS","80-100",0
"809","white","couple","HS","noHS","80-100",0
"810","white","couple","HS","someCollege","80-100",0
"811","white","couple","someCollege","BA","80-100",0
"812","white","couple","someCollege","grad","80-100",0
"813","white","couple","someCollege","HS","80-100",0
"814","white","couple","someCollege","noHS","80-100",0
"815","white","couple","someCollege","someCollege","80-100",0
"816","white","couple","BA","BA","80-100",0
"817","white","couple","BA","grad","80-100",0
"818","white","couple","BA","HS","80-100",0
"819","white","couple","BA","noHS","80-100",0
"820","white","couple","BA","someCollege","80-100",0
"821","white","couple","grad","BA","80-100",0
"822","white","couple","grad","grad","80-100",0
"823","white","couple","grad","HS","80-100",0
"824","white","couple","grad","noHS","80-100",0
"825","white","couple","grad","someCollege","80-100",0
"826","black","couple","noHS","BA","80-100",0
"827","black","couple","noHS","grad","80-100",0
"828","black","couple","noHS","HS","80-100",0
"829","black","couple","noHS","noHS","80-100",0
"830","black","couple","noHS","someCollege","80-100",0
"831","black","couple","HS","BA","80-100",0
"832","black","couple","HS","grad","80-100",0
"833","black","couple","HS","HS","80-100",0
"834","black","couple","HS","noHS","80-100",0
"835","black","couple","HS","someCollege","80-100",0
"836","black","couple","someCollege","BA","80-100",0
"837","black","couple","someCollege","grad","80-100",0
"838","black","couple","someCollege","HS","80-100",0
"839","black","couple","someCollege","noHS","80-100",0
"840","black","couple","someCollege","someCollege","80-100",0
"841","black","couple","BA","BA","80-100",0
"842","black","couple","BA","grad","80-100",0
"843","black","couple","BA","HS","80-100",0
"844","black","couple","BA","noHS","80-100",0
"845","black","couple","BA","someCollege","80-100",0
"846","black","couple","grad","BA","80-100",0
"847","black","couple","grad","grad","80-100",0
"848","black","couple","grad","HS","80-100",0
"849","black","couple","grad","noHS","80-100",0
"850","black","couple","grad","someCollege","80-100",0
"851","latino","couple","noHS","BA","80-100",0
"852","latino","couple","noHS","grad","80-100",0
"853","latino","couple","noHS","HS","80-100",0
"854","latino","couple","noHS","noHS","80-100",0
"855","latino","couple","noHS","someCollege","80-100",0
"856","latino","couple","HS","BA","80-100",0
"857","latino","couple","HS","grad","80-100",0
"858","latino","couple","HS","HS","80-100",0
"859","latino","couple","HS","noHS","80-100",0
"860","latino","couple","HS","someCollege","80-100",0
"861","latino","couple","someCollege","BA","80-100",0
"862","latino","couple","someCollege","grad","80-100",0
"863","latino","couple","someCollege","HS","80-100",0
"864","latino","couple","someCollege","noHS","80-100",0
"865","latino","couple","someCollege","someCollege","80-100",0
"866","latino","couple","BA","BA","80-100",0
"867","latino","couple","BA","grad","80-100",0
"868","latino","couple","BA","HS","80-100",0
"869","latino","couple","BA","noHS","80-100",0
"870","latino","couple","BA","someCollege","80-100",0
"871","latino","couple","grad","BA","80-100",0
"872","latino","couple","grad","grad","80-100",0
"873","latino","couple","grad","HS","80-100",0
"874","latino","couple","grad","noHS","80-100",0
"875","latino","couple","grad","someCollege","80-100",0
"876","other","couple","noHS","BA","80-100",0
"877","other","couple","noHS","grad","80-100",0
"878","other","couple","noHS","HS","80-100",0
"879","other","couple","noHS","noHS","80-100",0
"880","other","couple","noHS","someCollege","80-100",0
"881","other","couple","HS","BA","80-100",0
"882","other","couple","HS","grad","80-100",0
"883","other","couple","HS","HS","80-100",0
"884","other","couple","HS","noHS","80-100",0
"885","other","couple","HS","someCollege","80-100",0
"886","other","couple","someCollege","BA","80-100",0
"887","other","couple","someCollege","grad","80-100",0
"888","other","couple","someCollege","HS","80-100",0
"889","other","couple","someCollege","noHS","80-100",0
"890","other","couple","someCollege","someCollege","80-100",0
"891","other","couple","BA","BA","80-100",0
"892","other","couple","BA","grad","80-100",0
"893","other","couple","BA","HS","80-100",0
"894","other","couple","BA","noHS","80-100",0
"895","other","couple","BA","someCollege","80-100",0
"896","other","couple","grad","BA","80-100",0
"897","other","couple","grad","grad","80-100",0
"898","other","couple","grad","HS","80-100",0
"899","other","couple","grad","noHS","80-100",0
"900","other","couple","grad","someCollege","80-100",0
"901","white","man","noHS",NA,"100-125",0
"902","white","man","HS",NA,"100-125",0
"903","white","man","someCollege",NA,"100-125",0
"904","white","man","BA",NA,"100-125",0
"905","white","man","grad",NA,"100-125",0
"906","black","man","noHS",NA,"100-125",0
"907","black","man","HS",NA,"100-125",0
"908","black","man","someCollege",NA,"100-125",0
"909","black","man","BA",NA,"100-125",0
"910","black","man","grad",NA,"100-125",0
"911","latino","man","noHS",NA,"100-125",0
"912","latino","man","HS",NA,"100-125",0
"913","latino","man","someCollege",NA,"100-125",0
"914","latino","man","BA",NA,"100-125",0
"915","latino","man","grad",NA,"100-125",0
"916","other","man","noHS",NA,"100-125",0
"917","other","man","HS",NA,"100-125",0
"918","other","man","someCollege",NA,"100-125",0
"919","other","man","BA",NA,"100-125",0
"920","other","man","grad",NA,"100-125",0
"921","white","woman","noHS",NA,"100-125",0
"922","white","woman","HS",NA,"100-125",0
"923","white","woman","someCollege",NA,"100-125",0
"924","white","woman","BA",NA,"100-125",0
"925","white","woman","grad",NA,"100-125",0
"926","black","woman","noHS",NA,"100-125",0
"927","black","woman","HS",NA,"100-125",0
"928","black","woman","someCollege",NA,"100-125",0
"929","black","woman","BA",NA,"100-125",0
"930","black","woman","grad",NA,"100-125",0
"931","latino","woman","noHS",NA,"100-125",0
"932","latino","woman","HS",NA,"100-125",0
"933","latino","woman","someCollege",NA,"100-125",0
"934","latino","woman","BA",NA,"100-125",0
"935","latino","woman","grad",NA,"100-125",0
"936","other","woman","noHS",NA,"100-125",0
"937","other","woman","HS",NA,"100-125",0
"938","other","woman","someCollege",NA,"100-125",0
"939","other","woman","BA",NA,"100-125",0
"940","other","woman","grad",NA,"100-125",0
"941","white","manDep","noHS",NA,"100-125",0
"942","white","manDep","HS",NA,"100-125",0
"943","white","manDep","someCollege",NA,"100-125",0
"944","white","manDep","BA",NA,"100-125",0
"945","white","manDep","grad",NA,"100-125",0
"946","black","manDep","noHS",NA,"100-125",0
"947","black","manDep","HS",NA,"100-125",0
"948","black","manDep","someCollege",NA,"100-125",0
"949","black","manDep","BA",NA,"100-125",0
"950","black","manDep","grad",NA,"100-125",0
"951","latino","manDep","noHS",NA,"100-125",0
"952","latino","manDep","HS",NA,"100-125",0
"953","latino","manDep","someCollege",NA,"100-125",0
"954","latino","manDep","BA",NA,"100-125",0
"955","latino","manDep","grad",NA,"100-125",0
"956","other","manDep","noHS",NA,"100-125",0
"957","other","manDep","HS",NA,"100-125",0
"958","other","manDep","someCollege",NA,"100-125",0
"959","other","manDep","BA",NA,"100-125",0
"960","other","manDep","grad",NA,"100-125",0
"961","white","womanDep","noHS",NA,"100-125",0
"962","white","womanDep","HS",NA,"100-125",0
"963","white","womanDep","someCollege",NA,"100-125",0
"964","white","womanDep","BA",NA,"100-125",0
"965","white","womanDep","grad",NA,"100-125",0
"966","black","womanDep","noHS",NA,"100-125",0
"967","black","womanDep","HS",NA,"100-125",0
"968","black","womanDep","someCollege",NA,"100-125",0
"969","black","womanDep","BA",NA,"100-125",0
"970","black","womanDep","grad",NA,"100-125",0
"971","latino","womanDep","noHS",NA,"100-125",0
"972","latino","womanDep","HS",NA,"100-125",0
"973","latino","womanDep","someCollege",NA,"100-125",0
"974","latino","womanDep","BA",NA,"100-125",0
"975","latino","womanDep","grad",NA,"100-125",0
"976","other","womanDep","noHS",NA,"100-125",0
"977","other","womanDep","HS",NA,"100-125",0
"978","other","womanDep","someCollege",NA,"100-125",0
"979","other","womanDep","BA",NA,"100-125",0
"980","other","womanDep","grad",NA,"100-125",0
"981","white","couple","noHS","BA","100-125",0
"982","white","couple","noHS","grad","100-125",0
"983","white","couple","noHS","HS","100-125",0
"984","white","couple","noHS","noHS","100-125",0
"985","white","couple","noHS","someCollege","100-125",0
"986","white","couple","HS","BA","100-125",0
"987","white","couple","HS","grad","100-125",0
"988","white","couple","HS","HS","100-125",0
"989","white","couple","HS","noHS","100-125",0
"990","white","couple","HS","someCollege","100-125",0
"991","white","couple","someCollege","BA","100-125",0
"992","white","couple","someCollege","grad","100-125",0
"993","white","couple","someCollege","HS","100-125",0
"994","white","couple","someCollege","noHS","100-125",0
"995","white","couple","someCollege","someCollege","100-125",0
"996","white","couple","BA","BA","100-125",0
"997","white","couple","BA","grad","100-125",0
"998","white","couple","BA","HS","100-125",0
"999","white","couple","BA","noHS","100-125",0
"1000","white","couple","BA","someCollege","100-125",0
"1001","white","couple","grad","BA","100-125",0
"1002","white","couple","grad","grad","100-125",0
"1003","white","couple","grad","HS","100-125",0
"1004","white","couple","grad","noHS","100-125",0
"1005","white","couple","grad","someCollege","100-125",0
"1006","black","couple","noHS","BA","100-125",0
"1007","black","couple","noHS","grad","100-125",0
"1008","black","couple","noHS","HS","100-125",0
"1009","black","couple","noHS","noHS","100-125",0
"1010","black","couple","noHS","someCollege","100-125",0
"1011","black","couple","HS","BA","100-125",0
"1012","black","couple","HS","grad","100-125",0
"1013","black","couple","HS","HS","100-125",0
"1014","black","couple","HS","noHS","100-125",0
"1015","black","couple","HS","someCollege","100-125",0
"1016","black","couple","someCollege","BA","100-125",0
"1017","black","couple","someCollege","grad","100-125",0
"1018","black","couple","someCollege","HS","100-125",0
"1019","black","couple","someCollege","noHS","100-125",0
"1020","black","couple","someCollege","someCollege","100-125",0
"1021","black","couple","BA","BA","100-125",0
"1022","black","couple","BA","grad","100-125",0
"1023","black","couple","BA","HS","100-125",0
"1024","black","couple","BA","noHS","100-125",0
"1025","black","couple","BA","someCollege","100-125",0
"1026","black","couple","grad","BA","100-125",0
"1027","black","couple","grad","grad","100-125",0
"1028","black","couple","grad","HS","100-125",0
"1029","black","couple","grad","noHS","100-125",0
"1030","black","couple","grad","someCollege","100-125",0
"1031","latino","couple","noHS","BA","100-125",0
"1032","latino","couple","noHS","grad","100-125",0
"1033","latino","couple","noHS","HS","100-125",0
"1034","latino","couple","noHS","noHS","100-125",0
"1035","latino","couple","noHS","someCollege","100-125",0
"1036","latino","couple","HS","BA","100-125",0
"1037","latino","couple","HS","grad","100-125",0
"1038","latino","couple","HS","HS","100-125",0
"1039","latino","couple","HS","noHS","100-125",0
"1040","latino","couple","HS","someCollege","100-125",0
"1041","latino","couple","someCollege","BA","100-125",0
"1042","latino","couple","someCollege","grad","100-125",0
"1043","latino","couple","someCollege","HS","100-125",0
"1044","latino","couple","someCollege","noHS","100-125",0
"1045","latino","couple","someCollege","someCollege","100-125",0
"1046","latino","couple","BA","BA","100-125",0
"1047","latino","couple","BA","grad","100-125",0
"1048","latino","couple","BA","HS","100-125",0
"1049","latino","couple","BA","noHS","100-125",0
"1050","latino","couple","BA","someCollege","100-125",0
"1051","latino","couple","grad","BA","100-125",0
"1052","latino","couple","grad","grad","100-125",0
"1053","latino","couple","grad","HS","100-125",0
"1054","latino","couple","grad","noHS","100-125",0
"1055","latino","couple","grad","someCollege","100-125",0
"1056","other","couple","noHS","BA","100-125",0
"1057","other","couple","noHS","grad","100-125",0
"1058","other","couple","noHS","HS","100-125",0
"1059","other","couple","noHS","noHS","100-125",0
"1060","other","couple","noHS","someCollege","100-125",0
"1061","other","couple","HS","BA","100-125",0
"1062","other","couple","HS","grad","100-125",0
"1063","other","couple","HS","HS","100-125",0
"1064","other","couple","HS","noHS","100-125",0
"1065","other","couple","HS","someCollege","100-125",0
"1066","other","couple","someCollege","BA","100-125",0
"1067","other","couple","someCollege","grad","100-125",0
"1068","other","couple","someCollege","HS","100-125",0
"1069","other","couple","someCollege","noHS","100-125",0
"1070","other","couple","someCollege","someCollege","100-125",0
"1071","other","couple","BA","BA","100-125",0
"1072","other","couple","BA","grad","100-125",0
"1073","other","couple","BA","HS","100-125",0
"1074","other","couple","BA","noHS","100-125",0
"1075","other","couple","BA","someCollege","100-125",0
"1076","other","couple","grad","BA","100-125",0
"1077","other","couple","grad","grad","100-125",0
"1078","other","couple","grad","HS","100-125",0
"1079","other","couple","grad","noHS","100-125",0
"1080","other","couple","grad","someCollege","100-125",0
"1081","white","man","noHS",NA,"125-150",0
"1082","white","man","HS",NA,"125-150",0
"1083","white","man","someCollege",NA,"125-150",0
"1084","white","man","BA",NA,"125-150",0
"1085","white","man","grad",NA,"125-150",0
"1086","black","man","noHS",NA,"125-150",0
"1087","black","man","HS",NA,"125-150",0
"1088","black","man","someCollege",NA,"125-150",0
"1089","black","man","BA",NA,"125-150",0
"1090","black","man","grad",NA,"125-150",0
"1091","latino","man","noHS",NA,"125-150",0
"1092","latino","man","HS",NA,"125-150",0
"1093","latino","man","someCollege",NA,"125-150",0
"1094","latino","man","BA",NA,"125-150",0
"1095","latino","man","grad",NA,"125-150",0
"1096","other","man","noHS",NA,"125-150",0
"1097","other","man","HS",NA,"125-150",0
"1098","other","man","someCollege",NA,"125-150",0
"1099","other","man","BA",NA,"125-150",0
"1100","other","man","grad",NA,"125-150",0
"1101","white","woman","noHS",NA,"125-150",0
"1102","white","woman","HS",NA,"125-150",0
"1103","white","woman","someCollege",NA,"125-150",0
"1104","white","woman","BA",NA,"125-150",0
"1105","white","woman","grad",NA,"125-150",0
"1106","black","woman","noHS",NA,"125-150",0
"1107","black","woman","HS",NA,"125-150",0
"1108","black","woman","someCollege",NA,"125-150",0
"1109","black","woman","BA",NA,"125-150",0
"1110","black","woman","grad",NA,"125-150",0
"1111","latino","woman","noHS",NA,"125-150",0
"1112","latino","woman","HS",NA,"125-150",0
"1113","latino","woman","someCollege",NA,"125-150",0
"1114","latino","woman","BA",NA,"125-150",0
"1115","latino","woman","grad",NA,"125-150",0
"1116","other","woman","noHS",NA,"125-150",0
"1117","other","woman","HS",NA,"125-150",0
"1118","other","woman","someCollege",NA,"125-150",0
"1119","other","woman","BA",NA,"125-150",0
"1120","other","woman","grad",NA,"125-150",0
"1121","white","manDep","noHS",NA,"125-150",0
"1122","white","manDep","HS",NA,"125-150",0
"1123","white","manDep","someCollege",NA,"125-150",0
"1124","white","manDep","BA",NA,"125-150",0
"1125","white","manDep","grad",NA,"125-150",0
"1126","black","manDep","noHS",NA,"125-150",0
"1127","black","manDep","HS",NA,"125-150",0
"1128","black","manDep","someCollege",NA,"125-150",0
"1129","black","manDep","BA",NA,"125-150",0
"1130","black","manDep","grad",NA,"125-150",0
"1131","latino","manDep","noHS",NA,"125-150",0
"1132","latino","manDep","HS",NA,"125-150",0
"1133","latino","manDep","someCollege",NA,"125-150",0
"1134","latino","manDep","BA",NA,"125-150",0
"1135","latino","manDep","grad",NA,"125-150",0
"1136","other","manDep","noHS",NA,"125-150",0
"1137","other","manDep","HS",NA,"125-150",0
"1138","other","manDep","someCollege",NA,"125-150",0
"1139","other","manDep","BA",NA,"125-150",0
"1140","other","manDep","grad",NA,"125-150",0
"1141","white","womanDep","noHS",NA,"125-150",0
"1142","white","womanDep","HS",NA,"125-150",0
"1143","white","womanDep","someCollege",NA,"125-150",0
"1144","white","womanDep","BA",NA,"125-150",0
"1145","white","womanDep","grad",NA,"125-150",0
"1146","black","womanDep","noHS",NA,"125-150",0
"1147","black","womanDep","HS",NA,"125-150",0
"1148","black","womanDep","someCollege",NA,"125-150",0
"1149","black","womanDep","BA",NA,"125-150",0
"1150","black","womanDep","grad",NA,"125-150",0
"1151","latino","womanDep","noHS",NA,"125-150",0
"1152","latino","womanDep","HS",NA,"125-150",0
"1153","latino","womanDep","someCollege",NA,"125-150",0
"1154","latino","womanDep","BA",NA,"125-150",0
"1155","latino","womanDep","grad",NA,"125-150",0
"1156","other","womanDep","noHS",NA,"125-150",0
"1157","other","womanDep","HS",NA,"125-150",0
"1158","other","womanDep","someCollege",NA,"125-150",0
"1159","other","womanDep","BA",NA,"125-150",0
"1160","other","womanDep","grad",NA,"125-150",0
"1161","white","couple","noHS","BA","125-150",0
"1162","white","couple","noHS","grad","125-150",0
"1163","white","couple","noHS","HS","125-150",0
"1164","white","couple","noHS","noHS","125-150",0
"1165","white","couple","noHS","someCollege","125-150",0
"1166","white","couple","HS","BA","125-150",0
"1167","white","couple","HS","grad","125-150",0
"1168","white","couple","HS","HS","125-150",0
"1169","white","couple","HS","noHS","125-150",0
"1170","white","couple","HS","someCollege","125-150",0
"1171","white","couple","someCollege","BA","125-150",0
"1172","white","couple","someCollege","grad","125-150",0
"1173","white","couple","someCollege","HS","125-150",0
"1174","white","couple","someCollege","noHS","125-150",0
"1175","white","couple","someCollege","someCollege","125-150",0
"1176","white","couple","BA","BA","125-150",0
"1177","white","couple","BA","grad","125-150",0
"1178","white","couple","BA","HS","125-150",0
"1179","white","couple","BA","noHS","125-150",0
"1180","white","couple","BA","someCollege","125-150",0
"1181","white","couple","grad","BA","125-150",0
"1182","white","couple","grad","grad","125-150",0
"1183","white","couple","grad","HS","125-150",0
"1184","white","couple","grad","noHS","125-150",0
"1185","white","couple","grad","someCollege","125-150",0
"1186","black","couple","noHS","BA","125-150",0
"1187","black","couple","noHS","grad","125-150",0
"1188","black","couple","noHS","HS","125-150",0
"1189","black","couple","noHS","noHS","125-150",0
"1190","black","couple","noHS","someCollege","125-150",0
"1191","black","couple","HS","BA","125-150",0
"1192","black","couple","HS","grad","125-150",0
"1193","black","couple","HS","HS","125-150",0
"1194","black","couple","HS","noHS","125-150",0
"1195","black","couple","HS","someCollege","125-150",0
"1196","black","couple","someCollege","BA","125-150",0
"1197","black","couple","someCollege","grad","125-150",0
"1198","black","couple","someCollege","HS","125-150",0
"1199","black","couple","someCollege","noHS","125-150",0
"1200","black","couple","someCollege","someCollege","125-150",0
"1201","black","couple","BA","BA","125-150",0
"1202","black","couple","BA","grad","125-150",0
"1203","black","couple","BA","HS","125-150",0
"1204","black","couple","BA","noHS","125-150",0
"1205","black","couple","BA","someCollege","125-150",0
"1206","black","couple","grad","BA","125-150",0
"1207","black","couple","grad","grad","125-150",0
"1208","black","couple","grad","HS","125-150",0
"1209","black","couple","grad","noHS","125-150",0
"1210","black","couple","grad","someCollege","125-150",0
"1211","latino","couple","noHS","BA","125-150",0
"1212","latino","couple","noHS","grad","125-150",0
"1213","latino","couple","noHS","HS","125-150",0
"1214","latino","couple","noHS","noHS","125-150",0
"1215","latino","couple","noHS","someCollege","125-150",0
"1216","latino","couple","HS","BA","125-150",0
"1217","latino","couple","HS","grad","125-150",0
"1218","latino","couple","HS","HS","125-150",0
"1219","latino","couple","HS","noHS","125-150",0
"1220","latino","couple","HS","someCollege","125-150",0
"1221","latino","couple","someCollege","BA","125-150",0
"1222","latino","couple","someCollege","grad","125-150",0
"1223","latino","couple","someCollege","HS","125-150",0
"1224","latino","couple","someCollege","noHS","125-150",0
"1225","latino","couple","someCollege","someCollege","125-150",0
"1226","latino","couple","BA","BA","125-150",0
"1227","latino","couple","BA","grad","125-150",0
"1228","latino","couple","BA","HS","125-150",0
"1229","latino","couple","BA","noHS","125-150",0
"1230","latino","couple","BA","someCollege","125-150",0
"1231","latino","couple","grad","BA","125-150",0
"1232","latino","couple","grad","grad","125-150",0
"1233","latino","couple","grad","HS","125-150",0
"1234","latino","couple","grad","noHS","125-150",0
"1235","latino","couple","grad","someCollege","125-150",0
"1236","other","couple","noHS","BA","125-150",0
"1237","other","couple","noHS","grad","125-150",0
"1238","other","couple","noHS","HS","125-150",0
"1239","other","couple","noHS","noHS","125-150",0
"1240","other","couple","noHS","someCollege","125-150",0
"1241","other","couple","HS","BA","125-150",0
"1242","other","couple","HS","grad","125-150",0
"1243","other","couple","HS","HS","125-150",0
"1244","other","couple","HS","noHS","125-150",0
"1245","other","couple","HS","someCollege","125-150",0
"1246","other","couple","someCollege","BA","125-150",0
"1247","other","couple","someCollege","grad","125-150",0
"1248","other","couple","someCollege","HS","125-150",0
"1249","other","couple","someCollege","noHS","125-150",0
"1250","other","couple","someCollege","someCollege","125-150",0
"1251","other","couple","BA","BA","125-150",0
"1252","other","couple","BA","grad","125-150",0
"1253","other","couple","BA","HS","125-150",0
"1254","other","couple","BA","noHS","125-150",0
"1255","other","couple","BA","someCollege","125-150",0
"1256","other","couple","grad","BA","125-150",0
"1257","other","couple","grad","grad","125-150",0
"1258","other","couple","grad","HS","125-150",0
"1259","other","couple","grad","noHS","125-150",0
"1260","other","couple","grad","someCollege","125-150",0
"1261","white","man","noHS",NA,"150-200",0
"1262","white","man","HS",NA,"150-200",0
"1263","white","man","someCollege",NA,"150-200",0
"1264","white","man","BA",NA,"150-200",0
"1265","white","man","grad",NA,"150-200",0
"1266","black","man","noHS",NA,"150-200",0
"1267","black","man","HS",NA,"150-200",0
"1268","black","man","someCollege",NA,"150-200",0
"1269","black","man","BA",NA,"150-200",0
"1270","black","man","grad",NA,"150-200",0
"1271","latino","man","noHS",NA,"150-200",0
"1272","latino","man","HS",NA,"150-200",0
"1273","latino","man","someCollege",NA,"150-200",0
"1274","latino","man","BA",NA,"150-200",0
"1275","latino","man","grad",NA,"150-200",0
"1276","other","man","noHS",NA,"150-200",0
"1277","other","man","HS",NA,"150-200",0
"1278","other","man","someCollege",NA,"150-200",0
"1279","other","man","BA",NA,"150-200",0
"1280","other","man","grad",NA,"150-200",0
"1281","white","woman","noHS",NA,"150-200",0
"1282","white","woman","HS",NA,"150-200",0
"1283","white","woman","someCollege",NA,"150-200",0
"1284","white","woman","BA",NA,"150-200",0
"1285","white","woman","grad",NA,"150-200",0
"1286","black","woman","noHS",NA,"150-200",0
"1287","black","woman","HS",NA,"150-200",0
"1288","black","woman","someCollege",NA,"150-200",0
"1289","black","woman","BA",NA,"150-200",0
"1290","black","woman","grad",NA,"150-200",0
"1291","latino","woman","noHS",NA,"150-200",0
"1292","latino","woman","HS",NA,"150-200",0
"1293","latino","woman","someCollege",NA,"150-200",0
"1294","latino","woman","BA",NA,"150-200",0
"1295","latino","woman","grad",NA,"150-200",0
"1296","other","woman","noHS",NA,"150-200",0
"1297","other","woman","HS",NA,"150-200",0
"1298","other","woman","someCollege",NA,"150-200",0
"1299","other","woman","BA",NA,"150-200",0
"1300","other","woman","grad",NA,"150-200",0
"1301","white","manDep","noHS",NA,"150-200",0
"1302","white","manDep","HS",NA,"150-200",0
"1303","white","manDep","someCollege",NA,"150-200",0
"1304","white","manDep","BA",NA,"150-200",0
"1305","white","manDep","grad",NA,"150-200",0
"1306","black","manDep","noHS",NA,"150-200",0
"1307","black","manDep","HS",NA,"150-200",0
"1308","black","manDep","someCollege",NA,"150-200",0
"1309","black","manDep","BA",NA,"150-200",0
"1310","black","manDep","grad",NA,"150-200",0
"1311","latino","manDep","noHS",NA,"150-200",0
"1312","latino","manDep","HS",NA,"150-200",0
"1313","latino","manDep","someCollege",NA,"150-200",0
"1314","latino","manDep","BA",NA,"150-200",0
"1315","latino","manDep","grad",NA,"150-200",0
"1316","other","manDep","noHS",NA,"150-200",0
"1317","other","manDep","HS",NA,"150-200",0
"1318","other","manDep","someCollege",NA,"150-200",0
"1319","other","manDep","BA",NA,"150-200",0
"1320","other","manDep","grad",NA,"150-200",0
"1321","white","womanDep","noHS",NA,"150-200",0
"1322","white","womanDep","HS",NA,"150-200",0
"1323","white","womanDep","someCollege",NA,"150-200",0
"1324","white","womanDep","BA",NA,"150-200",0
"1325","white","womanDep","grad",NA,"150-200",0
"1326","black","womanDep","noHS",NA,"150-200",0
"1327","black","womanDep","HS",NA,"150-200",0
"1328","black","womanDep","someCollege",NA,"150-200",0
"1329","black","womanDep","BA",NA,"150-200",0
"1330","black","womanDep","grad",NA,"150-200",0
"1331","latino","womanDep","noHS",NA,"150-200",0
"1332","latino","womanDep","HS",NA,"150-200",0
"1333","latino","womanDep","someCollege",NA,"150-200",0
"1334","latino","womanDep","BA",NA,"150-200",0
"1335","latino","womanDep","grad",NA,"150-200",0
"1336","other","womanDep","noHS",NA,"150-200",0
"1337","other","womanDep","HS",NA,"150-200",0
"1338","other","womanDep","someCollege",NA,"150-200",0
"1339","other","womanDep","BA",NA,"150-200",0
"1340","other","womanDep","grad",NA,"150-200",0
"1341","white","couple","noHS","BA","150-200",0
"1342","white","couple","noHS","grad","150-200",0
"1343","white","couple","noHS","HS","150-200",0
"1344","white","couple","noHS","noHS","150-200",0
"1345","white","couple","noHS","someCollege","150-200",0
"1346","white","couple","HS","BA","150-200",0
"1347","white","couple","HS","grad","150-200",0
"1348","white","couple","HS","HS","150-200",0
"1349","white","couple","HS","noHS","150-200",0
"1350","white","couple","HS","someCollege","150-200",0
"1351","white","couple","someCollege","BA","150-200",0
"1352","white","couple","someCollege","grad","150-200",0
"1353","white","couple","someCollege","HS","150-200",0
"1354","white","couple","someCollege","noHS","150-200",0
"1355","white","couple","someCollege","someCollege","150-200",0
"1356","white","couple","BA","BA","150-200",0
"1357","white","couple","BA","grad","150-200",0
"1358","white","couple","BA","HS","150-200",0
"1359","white","couple","BA","noHS","150-200",0
"1360","white","couple","BA","someCollege","150-200",0
"1361","white","couple","grad","BA","150-200",0
"1362","white","couple","grad","grad","150-200",0
"1363","white","couple","grad","HS","150-200",0
"1364","white","couple","grad","noHS","150-200",0
"1365","white","couple","grad","someCollege","150-200",0
"1366","black","couple","noHS","BA","150-200",0
"1367","black","couple","noHS","grad","150-200",0
"1368","black","couple","noHS","HS","150-200",0
"1369","black","couple","noHS","noHS","150-200",0
"1370","black","couple","noHS","someCollege","150-200",0
"1371","black","couple","HS","BA","150-200",0
"1372","black","couple","HS","grad","150-200",0
"1373","black","couple","HS","HS","150-200",0
"1374","black","couple","HS","noHS","150-200",0
"1375","black","couple","HS","someCollege","150-200",0
"1376","black","couple","someCollege","BA","150-200",0
"1377","black","couple","someCollege","grad","150-200",0
"1378","black","couple","someCollege","HS","150-200",0
"1379","black","couple","someCollege","noHS","150-200",0
"1380","black","couple","someCollege","someCollege","150-200",0
"1381","black","couple","BA","BA","150-200",0
"1382","black","couple","BA","grad","150-200",0
"1383","black","couple","BA","HS","150-200",0
"1384","black","couple","BA","noHS","150-200",0
"1385","black","couple","BA","someCollege","150-200",0
"1386","black","couple","grad","BA","150-200",0
"1387","black","couple","grad","grad","150-200",0
"1388","black","couple","grad","HS","150-200",0
"1389","black","couple","grad","noHS","150-200",0
"1390","black","couple","grad","someCollege","150-200",0
"1391","latino","couple","noHS","BA","150-200",0
"1392","latino","couple","noHS","grad","150-200",0
"1393","latino","couple","noHS","HS","150-200",0
"1394","latino","couple","noHS","noHS","150-200",0
"1395","latino","couple","noHS","someCollege","150-200",0
"1396","latino","couple","HS","BA","150-200",0
"1397","latino","couple","HS","grad","150-200",0
"1398","latino","couple","HS","HS","150-200",0
"1399","latino","couple","HS","noHS","150-200",0
"1400","latino","couple","HS","someCollege","150-200",0
"1401","latino","couple","someCollege","BA","150-200",0
"1402","latino","couple","someCollege","grad","150-200",0
"1403","latino","couple","someCollege","HS","150-200",0
"1404","latino","couple","someCollege","noHS","150-200",0
"1405","latino","couple","someCollege","someCollege","150-200",0
"1406","latino","couple","BA","BA","150-200",0
"1407","latino","couple","BA","grad","150-200",0
"1408","latino","couple","BA","HS","150-200",0
"1409","latino","couple","BA","noHS","150-200",0
"1410","latino","couple","BA","someCollege","150-200",0
"1411","latino","couple","grad","BA","150-200",0
"1412","latino","couple","grad","grad","150-200",0
"1413","latino","couple","grad","HS","150-200",0
"1414","latino","couple","grad","noHS","150-200",0
"1415","latino","couple","grad","someCollege","150-200",0
"1416","other","couple","noHS","BA","150-200",0
"1417","other","couple","noHS","grad","150-200",0
"1418","other","couple","noHS","HS","150-200",0
"1419","other","couple","noHS","noHS","150-200",0
"1420","other","couple","noHS","someCollege","150-200",0
"1421","other","couple","HS","BA","150-200",0
"1422","other","couple","HS","grad","150-200",0
"1423","other","couple","HS","HS","150-200",0
"1424","other","couple","HS","noHS","150-200",0
"1425","other","couple","HS","someCollege","150-200",0
"1426","other","couple","someCollege","BA","150-200",0
"1427","other","couple","someCollege","grad","150-200",0
"1428","other","couple","someCollege","HS","150-200",0
"1429","other","couple","someCollege","noHS","150-200",0
"1430","other","couple","someCollege","someCollege","150-200",0
"1431","other","couple","BA","BA","150-200",0
"1432","other","couple","BA","grad","150-200",0
"1433","other","couple","BA","HS","150-200",0
"1434","other","couple","BA","noHS","150-200",0
"1435","other","couple","BA","someCollege","150-200",0
"1436","other","couple","grad","BA","150-200",0
"1437","other","couple","grad","grad","150-200",0
"1438","other","couple","grad","HS","150-200",0
"1439","other","couple","grad","noHS","150-200",0
"1440","other","couple","grad","someCollege","150-200",0
"1441","white","man","noHS",NA,"200-300",0
"1442","white","man","HS",NA,"200-300",0
"1443","white","man","someCollege",NA,"200-300",0
"1444","white","man","BA",NA,"200-300",0
"1445","white","man","grad",NA,"200-300",0
"1446","black","man","noHS",NA,"200-300",0
"1447","black","man","HS",NA,"200-300",0
"1448","black","man","someCollege",NA,"200-300",0
"1449","black","man","BA",NA,"200-300",0
"1450","black","man","grad",NA,"200-300",0
"1451","latino","man","noHS",NA,"200-300",0
"1452","latino","man","HS",NA,"200-300",0
"1453","latino","man","someCollege",NA,"200-300",0
"1454","latino","man","BA",NA,"200-300",0
"1455","latino","man","grad",NA,"200-300",0
"1456","other","man","noHS",NA,"200-300",0
"1457","other","man","HS",NA,"200-300",0
"1458","other","man","someCollege",NA,"200-300",0
"1459","other","man","BA",NA,"200-300",0
"1460","other","man","grad",NA,"200-300",0
"1461","white","woman","noHS",NA,"200-300",0
"1462","white","woman","HS",NA,"200-300",0
"1463","white","woman","someCollege",NA,"200-300",0
"1464","white","woman","BA",NA,"200-300",0
"1465","white","woman","grad",NA,"200-300",0
"1466","black","woman","noHS",NA,"200-300",0
"1467","black","woman","HS",NA,"200-300",0
"1468","black","woman","someCollege",NA,"200-300",0
"1469","black","woman","BA",NA,"200-300",0
"1470","black","woman","grad",NA,"200-300",0
"1471","latino","woman","noHS",NA,"200-300",0
"1472","latino","woman","HS",NA,"200-300",0
"1473","latino","woman","someCollege",NA,"200-300",0
"1474","latino","woman","BA",NA,"200-300",0
"1475","latino","woman","grad",NA,"200-300",0
"1476","other","woman","noHS",NA,"200-300",0
"1477","other","woman","HS",NA,"200-300",0
"1478","other","woman","someCollege",NA,"200-300",0
"1479","other","woman","BA",NA,"200-300",0
"1480","other","woman","grad",NA,"200-300",0
"1481","white","manDep","noHS",NA,"200-300",0
"1482","white","manDep","HS",NA,"200-300",0
"1483","white","manDep","someCollege",NA,"200-300",0
"1484","white","manDep","BA",NA,"200-300",0
"1485","white","manDep","grad",NA,"200-300",0
"1486","black","manDep","noHS",NA,"200-300",0
"1487","black","manDep","HS",NA,"200-300",0
"1488","black","manDep","someCollege",NA,"200-300",0
"1489","black","manDep","BA",NA,"200-300",0
"1490","black","manDep","grad",NA,"200-300",0
"1491","latino","manDep","noHS",NA,"200-300",0
"1492","latino","manDep","HS",NA,"200-300",0
"1493","latino","manDep","someCollege",NA,"200-300",0
"1494","latino","manDep","BA",NA,"200-300",0
"1495","latino","manDep","grad",NA,"200-300",0
"1496","other","manDep","noHS",NA,"200-300",0
"1497","other","manDep","HS",NA,"200-300",0
"1498","other","manDep","someCollege",NA,"200-300",0
"1499","other","manDep","BA",NA,"200-300",0
"1500","other","manDep","grad",NA,"200-300",0
"1501","white","womanDep","noHS",NA,"200-300",0
"1502","white","womanDep","HS",NA,"200-300",0
"1503","white","womanDep","someCollege",NA,"200-300",0
"1504","white","womanDep","BA",NA,"200-300",0
"1505","white","womanDep","grad",NA,"200-300",0
"1506","black","womanDep","noHS",NA,"200-300",0
"1507","black","womanDep","HS",NA,"200-300",0
"1508","black","womanDep","someCollege",NA,"200-300",0
"1509","black","womanDep","BA",NA,"200-300",0
"1510","black","womanDep","grad",NA,"200-300",0
"1511","latino","womanDep","noHS",NA,"200-300",0
"1512","latino","womanDep","HS",NA,"200-300",0
"1513","latino","womanDep","someCollege",NA,"200-300",0
"1514","latino","womanDep","BA",NA,"200-300",0
"1515","latino","womanDep","grad",NA,"200-300",0
"1516","other","womanDep","noHS",NA,"200-300",0
"1517","other","womanDep","HS",NA,"200-300",0
"1518","other","womanDep","someCollege",NA,"200-300",0
"1519","other","womanDep","BA",NA,"200-300",0
"1520","other","womanDep","grad",NA,"200-300",0
"1521","white","couple","noHS","BA","200-300",0
"1522","white","couple","noHS","grad","200-300",0
"1523","white","couple","noHS","HS","200-300",0
"1524","white","couple","noHS","noHS","200-300",0
"1525","white","couple","noHS","someCollege","200-300",0
"1526","white","couple","HS","BA","200-300",0
"1527","white","couple","HS","grad","200-300",0
"1528","white","couple","HS","HS","200-300",0
"1529","white","couple","HS","noHS","200-300",0
"1530","white","couple","HS","someCollege","200-300",0
"1531","white","couple","someCollege","BA","200-300",0
"1532","white","couple","someCollege","grad","200-300",0
"1533","white","couple","someCollege","HS","200-300",0
"1534","white","couple","someCollege","noHS","200-300",0
"1535","white","couple","someCollege","someCollege","200-300",0
"1536","white","couple","BA","BA","200-300",0
"1537","white","couple","BA","grad","200-300",0
"1538","white","couple","BA","HS","200-300",0
"1539","white","couple","BA","noHS","200-300",0
"1540","white","couple","BA","someCollege","200-300",0
"1541","white","couple","grad","BA","200-300",0
"1542","white","couple","grad","grad","200-300",0
"1543","white","couple","grad","HS","200-300",0
"1544","white","couple","grad","noHS","200-300",0
"1545","white","couple","grad","someCollege","200-300",0
"1546","black","couple","noHS","BA","200-300",0
"1547","black","couple","noHS","grad","200-300",0
"1548","black","couple","noHS","HS","200-300",0
"1549","black","couple","noHS","noHS","200-300",0
"1550","black","couple","noHS","someCollege","200-300",0
"1551","black","couple","HS","BA","200-300",0
"1552","black","couple","HS","grad","200-300",0
"1553","black","couple","HS","HS","200-300",0
"1554","black","couple","HS","noHS","200-300",0
"1555","black","couple","HS","someCollege","200-300",0
"1556","black","couple","someCollege","BA","200-300",0
"1557","black","couple","someCollege","grad","200-300",0
"1558","black","couple","someCollege","HS","200-300",0
"1559","black","couple","someCollege","noHS","200-300",0
"1560","black","couple","someCollege","someCollege","200-300",0
"1561","black","couple","BA","BA","200-300",0
"1562","black","couple","BA","grad","200-300",0
"1563","black","couple","BA","HS","200-300",0
"1564","black","couple","BA","noHS","200-300",0
"1565","black","couple","BA","someCollege","200-300",0
"1566","black","couple","grad","BA","200-300",0
"1567","black","couple","grad","grad","200-300",0
"1568","black","couple","grad","HS","200-300",0
"1569","black","couple","grad","noHS","200-300",0
"1570","black","couple","grad","someCollege","200-300",0
"1571","latino","couple","noHS","BA","200-300",0
"1572","latino","couple","noHS","grad","200-300",0
"1573","latino","couple","noHS","HS","200-300",0
"1574","latino","couple","noHS","noHS","200-300",0
"1575","latino","couple","noHS","someCollege","200-300",0
"1576","latino","couple","HS","BA","200-300",0
"1577","latino","couple","HS","grad","200-300",0
"1578","latino","couple","HS","HS","200-300",0
"1579","latino","couple","HS","noHS","200-300",0
"1580","latino","couple","HS","someCollege","200-300",0
"1581","latino","couple","someCollege","BA","200-300",0
"1582","latino","couple","someCollege","grad","200-300",0
"1583","latino","couple","someCollege","HS","200-300",0
"1584","latino","couple","someCollege","noHS","200-300",0
"1585","latino","couple","someCollege","someCollege","200-300",0
"1586","latino","couple","BA","BA","200-300",0
"1587","latino","couple","BA","grad","200-300",0
"1588","latino","couple","BA","HS","200-300",0
"1589","latino","couple","BA","noHS","200-300",0
"1590","latino","couple","BA","someCollege","200-300",0
"1591","latino","couple","grad","BA","200-300",0
"1592","latino","couple","grad","grad","200-300",0
"1593","latino","couple","grad","HS","200-300",0
"1594","latino","couple","grad","noHS","200-300",0
"1595","latino","couple","grad","someCollege","200-300",0
"1596","other","couple","noHS","BA","200-300",0
"1597","other","couple","noHS","grad","200-300",0
"1598","other","couple","noHS","HS","200-300",0
"1599","other","couple","noHS","noHS","200-300",0
"1600","other","couple","noHS","someCollege","200-300",0
"1601","other","couple","HS","BA","200-300",0
"1602","other","couple","HS","grad","200-300",0
"1603","other","couple","HS","HS","200-300",0
"1604","other","couple","HS","noHS","200-300",0
"1605","other","couple","HS","someCollege","200-300",0
"1606","other","couple","someCollege","BA","200-300",0
"1607","other","couple","someCollege","grad","200-300",0
"1608","other","couple","someCollege","HS","200-300",0
"1609","other","couple","someCollege","noHS","200-300",0
"1610","other","couple","someCollege","someCollege","200-300",0
"1611","other","couple","BA","BA","200-300",0
"1612","other","couple","BA","grad","200-300",0
"1613","other","couple","BA","HS","200-300",0
"1614","other","couple","BA","noHS","200-300",0
"1615","other","couple","BA","someCollege","200-300",0
"1616","other","couple","grad","BA","200-300",0
"1617","other","couple","grad","grad","200-300",0
"1618","other","couple","grad","HS","200-300",0
"1619","other","couple","grad","noHS","200-300",0
"1620","other","couple","grad","someCollege","200-300",0
"1621","white","man","noHS",NA,"300-400",0
"1622","white","man","HS",NA,"300-400",0
"1623","white","man","someCollege",NA,"300-400",0
"1624","white","man","BA",NA,"300-400",0
"1625","white","man","grad",NA,"300-400",0
"1626","black","man","noHS",NA,"300-400",0
"1627","black","man","HS",NA,"300-400",0
"1628","black","man","someCollege",NA,"300-400",0
"1629","black","man","BA",NA,"300-400",0
"1630","black","man","grad",NA,"300-400",0
"1631","latino","man","noHS",NA,"300-400",0
"1632","latino","man","HS",NA,"300-400",0
"1633","latino","man","someCollege",NA,"300-400",0
"1634","latino","man","BA",NA,"300-400",0
"1635","latino","man","grad",NA,"300-400",0
"1636","other","man","noHS",NA,"300-400",0
"1637","other","man","HS",NA,"300-400",0
"1638","other","man","someCollege",NA,"300-400",0
"1639","other","man","BA",NA,"300-400",0
"1640","other","man","grad",NA,"300-400",0
"1641","white","woman","noHS",NA,"300-400",0
"1642","white","woman","HS",NA,"300-400",0
"1643","white","woman","someCollege",NA,"300-400",0
"1644","white","woman","BA",NA,"300-400",0
"1645","white","woman","grad",NA,"300-400",0
"1646","black","woman","noHS",NA,"300-400",0
"1647","black","woman","HS",NA,"300-400",0
"1648","black","woman","someCollege",NA,"300-400",0
"1649","black","woman","BA",NA,"300-400",0
"1650","black","woman","grad",NA,"300-400",0
"1651","latino","woman","noHS",NA,"300-400",0
"1652","latino","woman","HS",NA,"300-400",0
"1653","latino","woman","someCollege",NA,"300-400",0
"1654","latino","woman","BA",NA,"300-400",0
"1655","latino","woman","grad",NA,"300-400",0
"1656","other","woman","noHS",NA,"300-400",0
"1657","other","woman","HS",NA,"300-400",0
"1658","other","woman","someCollege",NA,"300-400",0
"1659","other","woman","BA",NA,"300-400",0
"1660","other","woman","grad",NA,"300-400",0
"1661","white","manDep","noHS",NA,"300-400",0
"1662","white","manDep","HS",NA,"300-400",0
"1663","white","manDep","someCollege",NA,"300-400",0
"1664","white","manDep","BA",NA,"300-400",0
"1665","white","manDep","grad",NA,"300-400",0
"1666","black","manDep","noHS",NA,"300-400",0
"1667","black","manDep","HS",NA,"300-400",0
"1668","black","manDep","someCollege",NA,"300-400",0
"1669","black","manDep","BA",NA,"300-400",0
"1670","black","manDep","grad",NA,"300-400",0
"1671","latino","manDep","noHS",NA,"300-400",0
"1672","latino","manDep","HS",NA,"300-400",0
"1673","latino","manDep","someCollege",NA,"300-400",0
"1674","latino","manDep","BA",NA,"300-400",0
"1675","latino","manDep","grad",NA,"300-400",0
"1676","other","manDep","noHS",NA,"300-400",0
"1677","other","manDep","HS",NA,"300-400",0
"1678","other","manDep","someCollege",NA,"300-400",0
"1679","other","manDep","BA",NA,"300-400",0
"1680","other","manDep","grad",NA,"300-400",0
"1681","white","womanDep","noHS",NA,"300-400",0
"1682","white","womanDep","HS",NA,"300-400",0
"1683","white","womanDep","someCollege",NA,"300-400",0
"1684","white","womanDep","BA",NA,"300-400",0
"1685","white","womanDep","grad",NA,"300-400",0
"1686","black","womanDep","noHS",NA,"300-400",0
"1687","black","womanDep","HS",NA,"300-400",0
"1688","black","womanDep","someCollege",NA,"300-400",0
"1689","black","womanDep","BA",NA,"300-400",0
"1690","black","womanDep","grad",NA,"300-400",0
"1691","latino","womanDep","noHS",NA,"300-400",0
"1692","latino","womanDep","HS",NA,"300-400",0
"1693","latino","womanDep","someCollege",NA,"300-400",0
"1694","latino","womanDep","BA",NA,"300-400",0
"1695","latino","womanDep","grad",NA,"300-400",0
"1696","other","womanDep","noHS",NA,"300-400",0
"1697","other","womanDep","HS",NA,"300-400",0
"1698","other","womanDep","someCollege",NA,"300-400",0
"1699","other","womanDep","BA",NA,"300-400",0
"1700","other","womanDep","grad",NA,"300-400",0
"1701","white","couple","noHS","BA","300-400",0
"1702","white","couple","noHS","grad","300-400",0
"1703","white","couple","noHS","HS","300-400",0
"1704","white","couple","noHS","noHS","300-400",0
"1705","white","couple","noHS","someCollege","300-400",0
"1706","white","couple","HS","BA","300-400",0
"1707","white","couple","HS","grad","300-400",0
"1708","white","couple","HS","HS","300-400",0
"1709","white","couple","HS","noHS","300-400",0
"1710","white","couple","HS","someCollege","300-400",0
"1711","white","couple","someCollege","BA","300-400",0
"1712","white","couple","someCollege","grad","300-400",0
"1713","white","couple","someCollege","HS","300-400",0
"1714","white","couple","someCollege","noHS","300-400",0
"1715","white","couple","someCollege","someCollege","300-400",0
"1716","white","couple","BA","BA","300-400",0
"1717","white","couple","BA","grad","300-400",0
"1718","white","couple","BA","HS","300-400",0
"1719","white","couple","BA","noHS","300-400",0
"1720","white","couple","BA","someCollege","300-400",0
"1721","white","couple","grad","BA","300-400",0
"1722","white","couple","grad","grad","300-400",0
"1723","white","couple","grad","HS","300-400",0
"1724","white","couple","grad","noHS","300-400",0
"1725","white","couple","grad","someCollege","300-400",0
"1726","black","couple","noHS","BA","300-400",0
"1727","black","couple","noHS","grad","300-400",0
"1728","black","couple","noHS","HS","300-400",0
"1729","black","couple","noHS","noHS","300-400",0
"1730","black","couple","noHS","someCollege","300-400",0
"1731","black","couple","HS","BA","300-400",0
"1732","black","couple","HS","grad","300-400",0
"1733","black","couple","HS","HS","300-400",0
"1734","black","couple","HS","noHS","300-400",0
"1735","black","couple","HS","someCollege","300-400",0
"1736","black","couple","someCollege","BA","300-400",0
"1737","black","couple","someCollege","grad","300-400",0
"1738","black","couple","someCollege","HS","300-400",0
"1739","black","couple","someCollege","noHS","300-400",0
"1740","black","couple","someCollege","someCollege","300-400",0
"1741","black","couple","BA","BA","300-400",0
"1742","black","couple","BA","grad","300-400",0
"1743","black","couple","BA","HS","300-400",0
"1744","black","couple","BA","noHS","300-400",0
"1745","black","couple","BA","someCollege","300-400",0
"1746","black","couple","grad","BA","300-400",0
"1747","black","couple","grad","grad","300-400",0
"1748","black","couple","grad","HS","300-400",0
"1749","black","couple","grad","noHS","300-400",0
"1750","black","couple","grad","someCollege","300-400",0
"1751","latino","couple","noHS","BA","300-400",0
"1752","latino","couple","noHS","grad","300-400",0
"1753","latino","couple","noHS","HS","300-400",0
"1754","latino","couple","noHS","noHS","300-400",0
"1755","latino","couple","noHS","someCollege","300-400",0
"1756","latino","couple","HS","BA","300-400",0
"1757","latino","couple","HS","grad","300-400",0
"1758","latino","couple","HS","HS","300-400",0
"1759","latino","couple","HS","noHS","300-400",0
"1760","latino","couple","HS","someCollege","300-400",0
"1761","latino","couple","someCollege","BA","300-400",0
"1762","latino","couple","someCollege","grad","300-400",0
"1763","latino","couple","someCollege","HS","300-400",0
"1764","latino","couple","someCollege","noHS","300-400",0
"1765","latino","couple","someCollege","someCollege","300-400",0
"1766","latino","couple","BA","BA","300-400",0
"1767","latino","couple","BA","grad","300-400",0
"1768","latino","couple","BA","HS","300-400",0
"1769","latino","couple","BA","noHS","300-400",0
"1770","latino","couple","BA","someCollege","300-400",0
"1771","latino","couple","grad","BA","300-400",0
"1772","latino","couple","grad","grad","300-400",0
"1773","latino","couple","grad","HS","300-400",0
"1774","latino","couple","grad","noHS","300-400",0
"1775","latino","couple","grad","someCollege","300-400",0
"1776","other","couple","noHS","BA","300-400",0
"1777","other","couple","noHS","grad","300-400",0
"1778","other","couple","noHS","HS","300-400",0
"1779","other","couple","noHS","noHS","300-400",0
"1780","other","couple","noHS","someCollege","300-400",0
"1781","other","couple","HS","BA","300-400",0
"1782","other","couple","HS","grad","300-400",0
"1783","other","couple","HS","HS","300-400",0
"1784","other","couple","HS","noHS","300-400",0
"1785","other","couple","HS","someCollege","300-400",0
"1786","other","couple","someCollege","BA","300-400",0
"1787","other","couple","someCollege","grad","300-400",0
"1788","other","couple","someCollege","HS","300-400",0
"1789","other","couple","someCollege","noHS","300-400",0
"1790","other","couple","someCollege","someCollege","300-400",0
"1791","other","couple","BA","BA","300-400",0
"1792","other","couple","BA","grad","300-400",0
"1793","other","couple","BA","HS","300-400",0
"1794","other","couple","BA","noHS","300-400",0
"1795","other","couple","BA","someCollege","300-400",0
"1796","other","couple","grad","BA","300-400",0
"1797","other","couple","grad","grad","300-400",0
"1798","other","couple","grad","HS","300-400",0
"1799","other","couple","grad","noHS","300-400",0
"1800","other","couple","grad","someCollege","300-400",0
"1801","white","man","noHS",NA,"400+",0
"1802","white","man","HS",NA,"400+",0
"1803","white","man","someCollege",NA,"400+",0
"1804","white","man","BA",NA,"400+",0
"1805","white","man","grad",NA,"400+",0
"1806","black","man","noHS",NA,"400+",0
"1807","black","man","HS",NA,"400+",0
"1808","black","man","someCollege",NA,"400+",0
"1809","black","man","BA",NA,"400+",0
"1810","black","man","grad",NA,"400+",0
"1811","latino","man","noHS",NA,"400+",0
"1812","latino","man","HS",NA,"400+",0
"1813","latino","man","someCollege",NA,"400+",0
"1814","latino","man","BA",NA,"400+",0
"1815","latino","man","grad",NA,"400+",0
"1816","other","man","noHS",NA,"400+",0
"1817","other","man","HS",NA,"400+",0
"1818","other","man","someCollege",NA,"400+",0
"1819","other","man","BA",NA,"400+",0
"1820","other","man","grad",NA,"400+",0
"1821","white","woman","noHS",NA,"400+",0
"1822","white","woman","HS",NA,"400+",0
"1823","white","woman","someCollege",NA,"400+",0
"1824","white","woman","BA",NA,"400+",0
"1825","white","woman","grad",NA,"400+",0
"1826","black","woman","noHS",NA,"400+",0
"1827","black","woman","HS",NA,"400+",0
"1828","black","woman","someCollege",NA,"400+",0
"1829","black","woman","BA",NA,"400+",0
"1830","black","woman","grad",NA,"400+",0
"1831","latino","woman","noHS",NA,"400+",0
"1832","latino","woman","HS",NA,"400+",0
"1833","latino","woman","someCollege",NA,"400+",0
"1834","latino","woman","BA",NA,"400+",0
"1835","latino","woman","grad",NA,"400+",0
"1836","other","woman","noHS",NA,"400+",0
"1837","other","woman","HS",NA,"400+",0
"1838","other","woman","someCollege",NA,"400+",0
"1839","other","woman","BA",NA,"400+",0
"1840","other","woman","grad",NA,"400+",0
"1841","white","manDep","noHS",NA,"400+",0
"1842","white","manDep","HS",NA,"400+",0
"1843","white","manDep","someCollege",NA,"400+",0
"1844","white","manDep","BA",NA,"400+",0
"1845","white","manDep","grad",NA,"400+",0
"1846","black","manDep","noHS",NA,"400+",0
"1847","black","manDep","HS",NA,"400+",0
"1848","black","manDep","someCollege",NA,"400+",0
"1849","black","manDep","BA",NA,"400+",0
"1850","black","manDep","grad",NA,"400+",0
"1851","latino","manDep","noHS",NA,"400+",0
"1852","latino","manDep","HS",NA,"400+",0
"1853","latino","manDep","someCollege",NA,"400+",0
"1854","latino","manDep","BA",NA,"400+",0
"1855","latino","manDep","grad",NA,"400+",0
"1856","other","manDep","noHS",NA,"400+",0
"1857","other","manDep","HS",NA,"400+",0
"1858","other","manDep","someCollege",NA,"400+",0
"1859","other","manDep","BA",NA,"400+",0
"1860","other","manDep","grad",NA,"400+",0
"1861","white","womanDep","noHS",NA,"400+",0
"1862","white","womanDep","HS",NA,"400+",0
"1863","white","womanDep","someCollege",NA,"400+",0
"1864","white","womanDep","BA",NA,"400+",0
"1865","white","womanDep","grad",NA,"400+",0
"1866","black","womanDep","noHS",NA,"400+",0
"1867","black","womanDep","HS",NA,"400+",0
"1868","black","womanDep","someCollege",NA,"400+",0
"1869","black","womanDep","BA",NA,"400+",0
"1870","black","womanDep","grad",NA,"400+",0
"1871","latino","womanDep","noHS",NA,"400+",0
"1872","latino","womanDep","HS",NA,"400+",0
"1873","latino","womanDep","someCollege",NA,"400+",0
"1874","latino","womanDep","BA",NA,"400+",0
"1875","latino","womanDep","grad",NA,"400+",0
"1876","other","womanDep","noHS",NA,"400+",0
"1877","other","womanDep","HS",NA,"400+",0
"1878","other","womanDep","someCollege",NA,"400+",0
"1879","other","womanDep","BA",NA,"400+",0
"1880","other","womanDep","grad",NA,"400+",0
"1881","white","couple","noHS","BA","400+",0
"1882","white","couple","noHS","grad","400+",0
"1883","white","couple","noHS","HS","400+",0
"1884","white","couple","noHS","noHS","400+",0
"1885","white","couple","noHS","someCollege","400+",0
"1886","white","couple","HS","BA","400+",0
"1887","white","couple","HS","grad","400+",0
"1888","white","couple","HS","HS","400+",0
"1889","white","couple","HS","noHS","400+",0
"1890","white","couple","HS","someCollege","400+",0
"1891","white","couple","someCollege","BA","400+",0
"1892","white","couple","someCollege","grad","400+",0
"1893","white","couple","someCollege","HS","400+",0
"1894","white","couple","someCollege","noHS","400+",0
"1895","white","couple","someCollege","someCollege","400+",0
"1896","white","couple","BA","BA","400+",0
"1897","white","couple","BA","grad","400+",0
"1898","white","couple","BA","HS","400+",0
"1899","white","couple","BA","noHS","400+",0
"1900","white","couple","BA","someCollege","400+",0
"1901","white","couple","grad","BA","400+",0
"1902","white","couple","grad","grad","400+",0
"1903","white","couple","grad","HS","400+",0
"1904","white","couple","grad","noHS","400+",0
"1905","white","couple","grad","someCollege","400+",0
"1906","black","couple","noHS","BA","400+",0
"1907","black","couple","noHS","grad","400+",0
"1908","black","couple","noHS","HS","400+",0
"1909","black","couple","noHS","noHS","400+",0
"1910","black","couple","noHS","someCollege","400+",0
"1911","black","couple","HS","BA","400+",0
"1912","black","couple","HS","grad","400+",0
"1913","black","couple","HS","HS","400+",0
"1914","black","couple","HS","noHS","400+",0
"1915","black","couple","HS","someCollege","400+",0
"1916","black","couple","someCollege","BA","400+",0
"1917","black","couple","someCollege","grad","400+",0
"1918","black","couple","someCollege","HS","400+",0
"1919","black","couple","someCollege","noHS","400+",0
"1920","black","couple","someCollege","someCollege","400+",0
"1921","black","couple","BA","BA","400+",0
"1922","black","couple","BA","grad","400+",0
"1923","black","couple","BA","HS","400+",0
"1924","black","couple","BA","noHS","400+",0
"1925","black","couple","BA","someCollege","400+",0
"1926","black","couple","grad","BA","400+",0
"1927","black","couple","grad","grad","400+",0
"1928","black","couple","grad","HS","400+",0
"1929","black","couple","grad","noHS","400+",0
"1930","black","couple","grad","someCollege","400+",0
"1931","latino","couple","noHS","BA","400+",0
"1932","latino","couple","noHS","grad","400+",0
"1933","latino","couple","noHS","HS","400+",0
"1934","latino","couple","noHS","noHS","400+",0
"1935","latino","couple","noHS","someCollege","400+",0
"1936","latino","couple","HS","BA","400+",0
"1937","latino","couple","HS","grad","400+",0
"1938","latino","couple","HS","HS","400+",0
"1939","latino","couple","HS","noHS","400+",0
"1940","latino","couple","HS","someCollege","400+",0
"1941","latino","couple","someCollege","BA","400+",0
"1942","latino","couple","someCollege","grad","400+",0
"1943","latino","couple","someCollege","HS","400+",0
"1944","latino","couple","someCollege","noHS","400+",0
"1945","latino","couple","someCollege","someCollege","400+",0
"1946","latino","couple","BA","BA","400+",0
"1947","latino","couple","BA","grad","400+",0
"1948","latino","couple","BA","HS","400+",0
"1949","latino","couple","BA","noHS","400+",0
"1950","latino","couple","BA","someCollege","400+",0
"1951","latino","couple","grad","BA","400+",0
"1952","latino","couple","grad","grad","400+",0
"1953","latino","couple","grad","HS","400+",0
"1954","latino","couple","grad","noHS","400+",0
"1955","latino","couple","grad","someCollege","400+",0
"1956","other","couple","noHS","BA","400+",0
"1957","other","couple","noHS","grad","400+",0
"1958","other","couple","noHS","HS","400+",0
"1959","other","couple","noHS","noHS","400+",0
"1960","other","couple","noHS","someCollege","400+",0
"1961","other","couple","HS","BA","400+",0
"1962","other","couple","HS","grad","400+",0
"1963","other","couple","HS","HS","400+",0
"1964","other","couple","HS","noHS","400+",0
"1965","other","couple","HS","someCollege","400+",0
"1966","other","couple","someCollege","BA","400+",0
"1967","other","couple","someCollege","grad","400+",0
"1968","other","couple","someCollege","HS","400+",0
"1969","other","couple","someCollege","noHS","400+",0
"1970","other","couple","someCollege","someCollege","400+",0
"1971","other","couple","BA","BA","400+",0
"1972","other","couple","BA","grad","400+",0
"1973","other","couple","BA","HS","400+",0
"1974","other","couple","BA","noHS","400+",0
"1975","other","couple","BA","someCollege","400+",0
"1976","other","couple","grad","BA","400+",0
"1977","other","couple","grad","grad","400+",0
"1978","other","couple","grad","HS","400+",0
"1979","other","couple","grad","noHS","400+",0
"1980","other","couple","grad","someCollege","400+",0
